batch,timestamp,saving_W,percent
1,2026-05-07 07:49:09.953,6601.68,100.0
1,2026-05-07 07:49:10.955,6601.68,100.0
1,2026-05-07 07:49:11.957,6601.68,100.0
1,2026-05-07 07:49:12.958,6601.68,100.0
1,2026-05-07 07:49:14.030,6601.68,100.0
1,2026-05-07 07:49:15.032,6601.68,100.0
1,2026-05-07 07:49:16.034,6601.68,100.0
1,2026-05-07 07:49:17.036,6601.68,100.0
1,2026-05-07 07:49:18.039,6601.68,100.0
1,2026-05-07 07:49:19.042,6601.68,100.0
1,2026-05-07 07:49:20.045,6601.68,100.0
1,2026-05-07 07:49:21.048,6601.68,100.0
1,2026-05-07 07:49:22.052,6601.68,100.0
1,2026-05-07 07:49:23.055,6601.68,100.0
1,2026-05-07 07:49:24.073,6601.68,100.0
1,2026-05-07 07:49:25.075,6601.68,100.0
1,2026-05-07 07:49:26.076,6601.68,100.0
1,2026-05-07 07:49:27.084,6601.68,100.0
1,2026-05-07 07:49:28.088,6601.68,100.0
1,2026-05-07 07:49:29.100,6601.68,100.0
1,2026-05-07 07:49:30.112,6601.68,100.0
1,2026-05-07 07:49:31.113,6601.68,100.0
1,2026-05-07 07:49:32.118,6601.68,100.0
1,2026-05-07 07:49:33.119,5724.78,86.7
1,2026-05-07 07:49:34.123,5724.78,86.7
1,2026-05-07 07:49:35.125,5724.78,86.7
1,2026-05-07 07:49:36.126,5286.24,80.1
1,2026-05-07 07:49:37.128,5286.24,80.1
1,2026-05-07 07:49:38.130,5286.24,80.1
1,2026-05-07 07:49:39.132,5286.24,80.1
1,2026-05-07 07:49:40.134,5286.24,80.1
1,2026-05-07 07:49:41.135,5286.24,80.1
1,2026-05-07 07:49:42.142,4554.98,69.0
1,2026-05-07 07:49:43.168,4554.98,69.0
1,2026-05-07 07:49:44.169,4554.98,69.0
1,2026-05-07 07:49:45.172,4554.98,69.0
1,2026-05-07 07:49:46.176,4554.98,69.0
1,2026-05-07 07:49:47.178,4554.98,69.0
1,2026-05-07 07:49:48.179,4554.98,69.0
1,2026-05-07 07:49:49.181,4554.98,69.0
1,2026-05-07 07:49:50.182,4554.98,69.0
1,2026-05-07 07:49:51.185,4554.98,69.0
1,2026-05-07 07:49:52.186,4554.98,69.0
1,2026-05-07 07:49:53.189,4554.98,69.0
1,2026-05-07 07:49:54.190,4408.26,66.8
1,2026-05-07 07:49:55.191,4115.72,62.3
1,2026-05-07 07:49:56.193,4115.72,62.3
1,2026-05-07 07:49:57.197,4115.72,62.3
1,2026-05-07 07:49:58.198,4115.72,62.3
1,2026-05-07 07:49:59.207,3677.0,55.7
1,2026-05-07 07:50:00.239,3238.46,49.1
1,2026-05-07 07:50:01.241,3238.46,49.1
1,2026-05-07 07:50:02.274,3238.46,49.1
1,2026-05-07 07:50:03.275,3238.46,49.1
1,2026-05-07 07:50:04.280,3238.46,49.1
1,2026-05-07 07:50:05.281,3238.46,49.1
1,2026-05-07 07:50:06.298,3238.46,49.1
1,2026-05-07 07:50:07.306,3091.92,46.8
1,2026-05-07 07:50:08.314,3091.92,46.8
1,2026-05-07 07:50:09.326,3091.38,46.8
1,2026-05-07 07:50:10.328,3091.38,46.8
1,2026-05-07 07:50:11.331,3091.38,46.8
1,2026-05-07 07:50:12.332,3091.38,46.8
1,2026-05-07 07:50:13.334,3091.38,46.8
1,2026-05-07 07:50:14.335,3091.38,46.8
1,2026-05-07 07:50:15.337,3091.38,46.8
1,2026-05-07 07:50:16.339,2944.84,44.6
1,2026-05-07 07:50:17.343,2944.84,44.6
1,2026-05-07 07:50:18.345,2944.84,44.6
1,2026-05-07 07:50:19.348,2944.84,44.6
1,2026-05-07 07:50:20.349,2944.66,44.6
1,2026-05-07 07:50:21.351,2798.48,42.4
1,2026-05-07 07:50:22.354,2798.48,42.4
1,2026-05-07 07:50:23.356,2798.48,42.4
1,2026-05-07 07:50:24.358,2798.48,42.4
1,2026-05-07 07:50:25.360,2798.48,42.4
1,2026-05-07 07:50:26.362,2798.48,42.4
1,2026-05-07 07:50:27.365,2798.48,42.4
1,2026-05-07 07:50:28.367,2798.48,42.4
1,2026-05-07 07:50:29.369,2798.48,42.4
1,2026-05-07 07:50:30.371,2798.48,42.4
1,2026-05-07 07:50:31.373,2798.48,42.4
1,2026-05-07 07:50:32.375,2798.48,42.4
1,2026-05-07 07:50:33.377,2798.48,42.4
1,2026-05-07 07:50:34.380,2798.48,42.4
1,2026-05-07 07:50:35.430,2505.76,38.0
1,2026-05-07 07:50:36.431,2213.4,33.5
1,2026-05-07 07:50:37.442,2213.4,33.5
1,2026-05-07 07:50:38.444,2213.4,33.5
1,2026-05-07 07:50:39.445,2213.4,33.5
1,2026-05-07 07:50:40.450,2213.22,33.5
1,2026-05-07 07:50:41.456,2213.22,33.5
1,2026-05-07 07:50:42.524,2213.04,33.5
1,2026-05-07 07:50:43.526,2066.86,31.3
1,2026-05-07 07:50:44.527,1920.5,29.1
1,2026-05-07 07:50:45.530,1920.5,29.1
1,2026-05-07 07:50:46.531,1920.5,29.1
1,2026-05-07 07:50:47.537,1920.5,29.1
1,2026-05-07 07:50:48.539,1920.5,29.1
1,2026-05-07 07:50:49.541,1920.5,29.1
1,2026-05-07 07:50:50.542,1920.5,29.1
1,2026-05-07 07:50:51.544,1920.5,29.1
1,2026-05-07 07:50:52.545,1920.5,29.1
1,2026-05-07 07:50:53.548,1920.14,29.1
1,2026-05-07 07:50:54.549,1920.14,29.1
1,2026-05-07 07:50:55.550,1920.14,29.1
1,2026-05-07 07:50:56.552,1920.14,29.1
1,2026-05-07 07:50:57.556,1920.14,29.1
1,2026-05-07 07:50:58.559,1920.14,29.1
1,2026-05-07 07:50:59.560,1773.96,26.9
1,2026-05-07 07:51:00.563,1773.96,26.9
1,2026-05-07 07:51:01.565,1773.96,26.9
1,2026-05-07 07:51:02.566,1773.96,26.9
1,2026-05-07 07:51:03.567,1773.96,26.9
1,2026-05-07 07:51:04.573,1773.96,26.9
1,2026-05-07 07:51:05.578,1773.96,26.9
1,2026-05-07 07:51:06.580,1773.96,26.9
1,2026-05-07 07:51:07.581,1773.96,26.9
1,2026-05-07 07:51:08.583,1773.78,26.9
1,2026-05-07 07:51:09.588,1773.78,26.9
1,2026-05-07 07:51:10.593,1773.78,26.9
1,2026-05-07 07:51:11.596,1773.78,26.9
1,2026-05-07 07:51:12.598,1773.78,26.9
1,2026-05-07 07:51:13.604,1773.78,26.9
1,2026-05-07 07:51:14.605,1773.78,26.9
1,2026-05-07 07:51:15.607,1773.78,26.9
1,2026-05-07 07:51:16.608,1773.78,26.9
1,2026-05-07 07:51:17.610,1773.78,26.9
1,2026-05-07 07:51:18.613,1773.78,26.9
1,2026-05-07 07:51:19.614,1773.78,26.9
1,2026-05-07 07:51:20.668,1773.78,26.9
1,2026-05-07 07:51:21.670,1773.78,26.9
1,2026-05-07 07:51:22.672,1773.78,26.9
1,2026-05-07 07:51:23.674,1773.78,26.9
1,2026-05-07 07:51:24.676,1773.78,26.9
1,2026-05-07 07:51:25.681,1773.78,26.9
1,2026-05-07 07:51:26.683,1773.78,26.9
1,2026-05-07 07:51:27.685,1773.6,26.9
1,2026-05-07 07:51:28.688,1773.6,26.9
1,2026-05-07 07:51:29.689,1773.6,26.9
1,2026-05-07 07:51:30.691,1773.42,26.9
1,2026-05-07 07:51:31.693,1773.24,26.9
1,2026-05-07 07:51:32.702,1773.24,26.9
1,2026-05-07 07:51:33.704,1773.24,26.9
1,2026-05-07 07:51:34.708,1773.24,26.9
1,2026-05-07 07:51:35.710,1773.24,26.9
1,2026-05-07 07:51:36.722,1773.24,26.9
1,2026-05-07 07:51:37.722,1773.06,26.9
1,2026-05-07 07:51:38.727,1773.06,26.9
1,2026-05-07 07:51:39.729,1773.06,26.9
1,2026-05-07 07:51:40.731,1773.06,26.9
1,2026-05-07 07:51:41.735,1773.06,26.9
1,2026-05-07 07:51:42.738,1773.06,26.9
1,2026-05-07 07:51:43.739,1773.06,26.9
1,2026-05-07 07:51:44.741,1626.7,24.6
1,2026-05-07 07:51:45.744,1626.7,24.6
1,2026-05-07 07:51:46.749,1626.7,24.6
1,2026-05-07 07:51:47.752,1626.7,24.6
1,2026-05-07 07:51:48.755,1626.7,24.6
1,2026-05-07 07:51:49.756,1626.7,24.6
1,2026-05-07 07:51:50.758,1626.7,24.6
1,2026-05-07 07:51:51.760,1626.7,24.6
1,2026-05-07 07:51:52.764,1626.7,24.6
1,2026-05-07 07:51:53.766,1626.7,24.6
1,2026-05-07 07:51:54.772,1626.7,24.6
1,2026-05-07 07:51:55.775,1626.7,24.6
1,2026-05-07 07:51:56.781,1626.7,24.6
1,2026-05-07 07:51:57.798,1626.7,24.6
1,2026-05-07 07:51:58.802,1626.7,24.6
1,2026-05-07 07:51:59.805,1626.7,24.6
1,2026-05-07 07:52:00.807,1626.7,24.6
1,2026-05-07 07:52:01.809,1626.7,24.6
2,2026-05-07 07:52:37.624,6601.68,100.0
2,2026-05-07 07:52:38.625,6601.68,100.0
2,2026-05-07 07:52:39.627,6601.68,100.0
2,2026-05-07 07:52:40.628,6601.68,100.0
2,2026-05-07 07:52:41.630,6601.68,100.0
2,2026-05-07 07:52:42.631,6601.68,100.0
2,2026-05-07 07:52:43.632,6601.68,100.0
2,2026-05-07 07:52:44.633,6601.68,100.0
2,2026-05-07 07:52:45.634,6601.68,100.0
2,2026-05-07 07:52:46.635,6601.68,100.0
2,2026-05-07 07:52:47.637,6601.68,100.0
2,2026-05-07 07:52:48.638,6601.68,100.0
2,2026-05-07 07:52:49.644,6601.68,100.0
2,2026-05-07 07:52:50.655,6601.68,100.0
2,2026-05-07 07:52:51.657,6601.68,100.0
2,2026-05-07 07:52:52.658,6601.68,100.0
2,2026-05-07 07:52:53.660,6601.68,100.0
2,2026-05-07 07:52:54.662,6601.68,100.0
2,2026-05-07 07:52:55.667,6601.68,100.0
2,2026-05-07 07:52:56.671,6601.68,100.0
2,2026-05-07 07:52:57.674,6601.68,100.0
2,2026-05-07 07:52:58.676,6601.68,100.0
2,2026-05-07 07:52:59.677,6601.68,100.0
2,2026-05-07 07:53:00.681,6601.68,100.0
2,2026-05-07 07:53:01.682,5724.78,86.7
2,2026-05-07 07:53:02.685,5724.78,86.7
2,2026-05-07 07:53:03.688,5139.88,77.9
2,2026-05-07 07:53:04.690,5139.88,77.9
2,2026-05-07 07:53:05.691,5139.88,77.9
2,2026-05-07 07:53:06.693,4993.7,75.6
2,2026-05-07 07:53:07.695,4993.7,75.6
2,2026-05-07 07:53:08.697,4262.26,64.6
2,2026-05-07 07:53:09.703,4262.26,64.6
2,2026-05-07 07:53:10.706,4262.26,64.6
2,2026-05-07 07:53:11.707,4262.26,64.6
2,2026-05-07 07:53:12.708,4262.26,64.6
2,2026-05-07 07:53:13.709,4116.08,62.3
2,2026-05-07 07:53:14.710,4116.08,62.3
2,2026-05-07 07:53:15.713,3384.82,51.3
2,2026-05-07 07:53:16.716,3384.82,51.3
2,2026-05-07 07:53:17.719,3384.82,51.3
2,2026-05-07 07:53:18.729,3384.82,51.3
2,2026-05-07 07:53:19.733,3092.1,46.8
2,2026-05-07 07:53:20.736,3092.1,46.8
2,2026-05-07 07:53:21.738,3092.1,46.8
2,2026-05-07 07:53:22.773,3092.1,46.8
2,2026-05-07 07:53:23.774,3092.1,46.8
2,2026-05-07 07:53:24.777,2507.2,38.0
2,2026-05-07 07:53:25.782,2361.02,35.8
2,2026-05-07 07:53:26.792,2361.02,35.8
2,2026-05-07 07:53:27.794,2361.02,35.8
2,2026-05-07 07:53:28.796,2361.02,35.8
2,2026-05-07 07:53:29.801,2361.02,35.8
2,2026-05-07 07:53:30.803,2361.02,35.8
2,2026-05-07 07:53:31.807,2360.84,35.8
2,2026-05-07 07:53:32.809,2360.84,35.8
2,2026-05-07 07:53:33.810,2214.66,33.5
2,2026-05-07 07:53:34.812,2214.66,33.5
2,2026-05-07 07:53:35.813,2214.66,33.5
2,2026-05-07 07:53:36.815,2214.66,33.5
2,2026-05-07 07:53:37.816,2214.66,33.5
2,2026-05-07 07:53:38.822,2214.66,33.5
2,2026-05-07 07:53:39.827,2068.3,31.3
2,2026-05-07 07:53:40.843,1922.12,29.1
2,2026-05-07 07:53:41.845,1921.94,29.1
2,2026-05-07 07:53:42.847,1921.94,29.1
2,2026-05-07 07:53:43.849,1921.94,29.1
2,2026-05-07 07:53:44.852,1921.94,29.1
2,2026-05-07 07:53:45.853,1921.94,29.1
2,2026-05-07 07:53:46.856,1921.94,29.1
2,2026-05-07 07:53:47.858,1921.94,29.1
2,2026-05-07 07:53:48.860,1775.76,26.9
2,2026-05-07 07:53:49.862,1775.76,26.9
2,2026-05-07 07:53:50.864,1775.76,26.9
2,2026-05-07 07:53:51.865,1775.76,26.9
2,2026-05-07 07:53:52.867,1775.76,26.9
2,2026-05-07 07:53:53.869,1629.4,24.7
2,2026-05-07 07:53:54.871,1629.4,24.7
2,2026-05-07 07:53:55.874,1629.4,24.7
2,2026-05-07 07:53:56.877,1629.22,24.7
2,2026-05-07 07:53:57.879,1629.04,24.7
2,2026-05-07 07:53:58.880,1629.04,24.7
2,2026-05-07 07:53:59.882,1629.04,24.7
2,2026-05-07 07:54:00.884,1628.68,24.7
2,2026-05-07 07:54:01.885,1628.68,24.7
2,2026-05-07 07:54:02.886,1628.68,24.7
2,2026-05-07 07:54:03.888,1628.68,24.7
2,2026-05-07 07:54:04.890,1628.68,24.7
2,2026-05-07 07:54:06.010,1628.68,24.7
2,2026-05-07 07:54:07.012,1628.68,24.7
2,2026-05-07 07:54:08.041,1628.5,24.7
2,2026-05-07 07:54:09.043,1628.5,24.7
2,2026-05-07 07:54:10.044,1628.5,24.7
2,2026-05-07 07:54:11.046,1628.5,24.7
2,2026-05-07 07:54:12.114,1628.5,24.7
2,2026-05-07 07:54:13.116,1628.5,24.7
2,2026-05-07 07:54:14.118,1628.5,24.7
2,2026-05-07 07:54:15.120,1628.5,24.7
2,2026-05-07 07:54:16.123,1628.5,24.7
2,2026-05-07 07:54:17.125,1628.5,24.7
2,2026-05-07 07:54:18.126,1628.5,24.7
2,2026-05-07 07:54:19.130,1627.96,24.7
2,2026-05-07 07:54:20.132,1627.96,24.7
2,2026-05-07 07:54:21.134,1627.96,24.7
2,2026-05-07 07:54:22.138,1627.96,24.7
2,2026-05-07 07:54:23.146,1627.96,24.7
2,2026-05-07 07:54:24.148,1627.78,24.7
2,2026-05-07 07:54:25.152,1627.78,24.7
2,2026-05-07 07:54:26.250,1627.78,24.7
2,2026-05-07 07:54:27.252,1627.6,24.7
2,2026-05-07 07:54:28.257,1627.6,24.7
2,2026-05-07 07:54:29.258,1627.6,24.7
2,2026-05-07 07:54:30.259,1627.6,24.7
2,2026-05-07 07:54:31.263,1627.6,24.7
2,2026-05-07 07:54:32.264,1627.6,24.7
2,2026-05-07 07:54:33.265,1627.6,24.7
2,2026-05-07 07:54:34.266,1627.6,24.7
2,2026-05-07 07:54:35.268,1627.6,24.7
2,2026-05-07 07:54:36.269,1627.6,24.7
2,2026-05-07 07:54:37.272,1627.6,24.7
2,2026-05-07 07:54:38.276,1627.6,24.7
2,2026-05-07 07:54:39.277,1627.6,24.7
2,2026-05-07 07:54:40.278,1627.6,24.7
2,2026-05-07 07:54:41.279,1627.6,24.7
2,2026-05-07 07:54:42.283,1627.6,24.7
2,2026-05-07 07:54:43.289,1627.6,24.7
2,2026-05-07 07:54:44.290,1627.6,24.7
2,2026-05-07 07:54:45.293,1627.42,24.7
2,2026-05-07 07:54:46.295,1627.42,24.7
2,2026-05-07 07:54:47.297,1627.42,24.7
2,2026-05-07 07:54:48.299,1627.42,24.7
2,2026-05-07 07:54:49.300,1627.42,24.7
2,2026-05-07 07:54:50.302,1627.42,24.7
2,2026-05-07 07:54:51.308,1627.42,24.7
2,2026-05-07 07:54:52.312,1627.24,24.6
2,2026-05-07 07:54:53.313,1626.88,24.6
2,2026-05-07 07:54:54.314,1626.88,24.6
2,2026-05-07 07:54:55.319,1626.88,24.6
2,2026-05-07 07:54:56.324,1480.7,22.4
2,2026-05-07 07:54:57.325,1480.7,22.4
2,2026-05-07 07:54:58.326,1480.7,22.4
2,2026-05-07 07:54:59.333,1480.7,22.4
2,2026-05-07 07:55:00.337,1480.7,22.4
2,2026-05-07 07:55:01.347,1480.7,22.4
2,2026-05-07 07:55:02.349,1480.7,22.4
2,2026-05-07 07:55:03.350,1480.7,22.4
2,2026-05-07 07:55:04.354,1480.7,22.4
2,2026-05-07 07:55:05.356,1480.7,22.4
2,2026-05-07 07:55:06.358,1480.7,22.4
2,2026-05-07 07:55:07.360,1480.7,22.4
2,2026-05-07 07:55:08.363,1480.7,22.4
2,2026-05-07 07:55:09.367,1480.7,22.4
2,2026-05-07 07:55:10.368,1480.7,22.4
2,2026-05-07 07:55:11.370,1480.7,22.4
2,2026-05-07 07:55:12.373,1480.7,22.4
2,2026-05-07 07:55:13.375,1480.7,22.4
2,2026-05-07 07:55:14.376,1480.7,22.4
2,2026-05-07 07:55:15.377,1480.7,22.4
2,2026-05-07 07:55:16.378,1480.7,22.4
2,2026-05-07 07:55:17.380,1480.7,22.4
2,2026-05-07 07:55:18.382,1480.7,22.4
2,2026-05-07 07:55:19.383,1480.7,22.4
2,2026-05-07 07:55:20.386,1480.7,22.4
2,2026-05-07 07:55:21.388,1480.7,22.4
2,2026-05-07 07:55:22.390,1480.7,22.4
2,2026-05-07 07:55:23.392,1480.7,22.4
2,2026-05-07 07:55:24.394,1480.7,22.4
2,2026-05-07 07:55:25.396,1480.7,22.4
2,2026-05-07 07:55:26.397,1480.7,22.4
2,2026-05-07 07:55:27.399,1480.7,22.4
2,2026-05-07 07:55:28.402,1480.7,22.4
2,2026-05-07 07:55:29.405,1480.7,22.4
2,2026-05-07 07:55:30.407,1480.7,22.4
3,2026-05-07 07:56:06.197,6601.68,100.0
3,2026-05-07 07:56:07.211,6601.68,100.0
3,2026-05-07 07:56:08.213,6601.68,100.0
3,2026-05-07 07:56:09.214,6601.68,100.0
3,2026-05-07 07:56:10.216,6601.68,100.0
3,2026-05-07 07:56:11.219,6601.68,100.0
3,2026-05-07 07:56:12.221,6601.68,100.0
3,2026-05-07 07:56:13.228,6601.68,100.0
3,2026-05-07 07:56:14.233,6601.68,100.0
3,2026-05-07 07:56:15.238,6601.68,100.0
3,2026-05-07 07:56:16.243,6601.68,100.0
3,2026-05-07 07:56:17.247,6601.68,100.0
3,2026-05-07 07:56:18.255,6601.68,100.0
3,2026-05-07 07:56:19.261,6601.68,100.0
3,2026-05-07 07:56:20.266,6601.68,100.0
3,2026-05-07 07:56:21.266,6601.68,100.0
3,2026-05-07 07:56:22.270,6601.68,100.0
3,2026-05-07 07:56:23.272,6601.68,100.0
3,2026-05-07 07:56:24.273,6601.68,100.0
3,2026-05-07 07:56:25.274,6601.68,100.0
3,2026-05-07 07:56:26.277,6601.68,100.0
3,2026-05-07 07:56:27.279,6601.68,100.0
3,2026-05-07 07:56:28.280,6601.68,100.0
3,2026-05-07 07:56:29.287,6601.68,100.0
3,2026-05-07 07:56:30.290,6601.68,100.0
3,2026-05-07 07:56:31.293,6601.68,100.0
3,2026-05-07 07:56:32.295,6601.68,100.0
3,2026-05-07 07:56:33.297,6601.68,100.0
3,2026-05-07 07:56:34.299,6601.68,100.0
3,2026-05-07 07:56:35.301,6601.68,100.0
3,2026-05-07 07:56:36.305,6601.68,100.0
3,2026-05-07 07:56:37.307,6601.68,100.0
3,2026-05-07 07:56:38.311,6601.68,100.0
3,2026-05-07 07:56:39.320,6601.68,100.0
3,2026-05-07 07:56:40.321,6601.68,100.0
3,2026-05-07 07:56:41.323,6601.68,100.0
3,2026-05-07 07:56:42.325,6601.68,100.0
3,2026-05-07 07:56:43.328,6601.68,100.0
3,2026-05-07 07:56:44.329,6601.68,100.0
3,2026-05-07 07:56:45.331,6601.68,100.0
3,2026-05-07 07:56:46.332,6601.68,100.0
3,2026-05-07 07:56:47.334,6601.68,100.0
3,2026-05-07 07:56:48.335,6601.68,100.0
3,2026-05-07 07:56:49.337,6601.68,100.0
3,2026-05-07 07:56:50.338,6601.68,100.0
3,2026-05-07 07:56:51.341,6601.68,100.0
3,2026-05-07 07:56:52.363,6601.68,100.0
3,2026-05-07 07:56:53.366,6601.68,100.0
3,2026-05-07 07:56:54.367,6601.68,100.0
3,2026-05-07 07:56:55.370,6601.68,100.0
3,2026-05-07 07:56:56.372,6601.68,100.0
3,2026-05-07 07:56:57.373,6601.68,100.0
3,2026-05-07 07:56:58.395,6601.68,100.0
3,2026-05-07 07:56:59.397,6601.68,100.0
3,2026-05-07 07:57:00.406,6601.68,100.0
3,2026-05-07 07:57:01.409,6601.68,100.0
3,2026-05-07 07:57:02.410,6601.68,100.0
3,2026-05-07 07:57:03.414,6601.68,100.0
3,2026-05-07 07:57:04.417,6601.68,100.0
3,2026-05-07 07:57:05.418,6601.68,100.0
3,2026-05-07 07:57:06.419,6601.68,100.0
3,2026-05-07 07:57:07.421,6601.68,100.0
3,2026-05-07 07:57:08.423,6601.68,100.0
3,2026-05-07 07:57:09.425,6601.68,100.0
3,2026-05-07 07:57:10.428,6601.68,100.0
3,2026-05-07 07:57:11.429,6601.68,100.0
3,2026-05-07 07:57:12.430,6601.68,100.0
3,2026-05-07 07:57:13.433,6601.68,100.0
3,2026-05-07 07:57:14.435,6601.68,100.0
3,2026-05-07 07:57:15.437,6601.68,100.0
3,2026-05-07 07:57:16.440,6601.68,100.0
3,2026-05-07 07:57:17.442,6601.68,100.0
3,2026-05-07 07:57:18.444,6601.68,100.0
3,2026-05-07 07:57:19.447,6601.68,100.0
3,2026-05-07 07:57:20.448,6601.68,100.0
3,2026-05-07 07:57:21.452,6601.68,100.0
3,2026-05-07 07:57:22.455,6601.68,100.0
3,2026-05-07 07:57:23.460,6601.68,100.0
3,2026-05-07 07:57:24.461,6601.68,100.0
3,2026-05-07 07:57:25.462,6601.68,100.0
3,2026-05-07 07:57:26.466,6601.68,100.0
3,2026-05-07 07:57:27.473,6601.68,100.0
3,2026-05-07 07:57:28.476,6601.68,100.0
3,2026-05-07 07:57:29.478,6601.68,100.0
3,2026-05-07 07:57:30.482,6601.68,100.0
3,2026-05-07 07:57:31.485,6601.68,100.0
3,2026-05-07 07:57:32.487,6601.68,100.0
3,2026-05-07 07:57:33.488,6601.68,100.0
3,2026-05-07 07:57:34.492,6601.68,100.0
3,2026-05-07 07:57:35.507,6601.68,100.0
3,2026-05-07 07:57:36.509,6601.68,100.0
3,2026-05-07 07:57:37.513,6601.68,100.0
3,2026-05-07 07:57:38.515,6601.68,100.0
3,2026-05-07 07:57:39.520,6601.68,100.0
3,2026-05-07 07:57:40.522,6601.68,100.0
3,2026-05-07 07:57:41.526,6601.68,100.0
3,2026-05-07 07:57:42.527,6601.68,100.0
3,2026-05-07 07:57:43.529,6601.68,100.0
3,2026-05-07 07:57:44.531,6601.68,100.0
3,2026-05-07 07:57:45.532,6601.68,100.0
3,2026-05-07 07:57:46.534,6601.68,100.0
3,2026-05-07 07:57:47.535,6601.68,100.0
3,2026-05-07 07:57:48.539,6601.68,100.0
3,2026-05-07 07:57:49.540,6601.68,100.0
3,2026-05-07 07:57:50.541,6601.68,100.0
3,2026-05-07 07:57:51.543,6601.68,100.0
3,2026-05-07 07:57:52.544,6601.68,100.0
3,2026-05-07 07:57:53.546,6601.68,100.0
3,2026-05-07 07:57:54.547,6601.68,100.0
3,2026-05-07 07:57:55.553,6601.68,100.0
3,2026-05-07 07:57:56.563,6601.68,100.0
3,2026-05-07 07:57:57.565,6601.68,100.0
3,2026-05-07 07:57:58.566,6601.68,100.0
3,2026-05-07 07:57:59.568,6601.68,100.0
3,2026-05-07 07:58:00.570,6601.68,100.0
3,2026-05-07 07:58:01.575,6601.68,100.0
3,2026-05-07 07:58:02.576,6601.68,100.0
3,2026-05-07 07:58:03.577,6601.68,100.0
3,2026-05-07 07:58:04.579,6601.68,100.0
3,2026-05-07 07:58:05.580,6601.68,100.0
3,2026-05-07 07:58:06.581,6601.68,100.0
3,2026-05-07 07:58:07.583,6601.68,100.0
3,2026-05-07 07:58:08.584,6601.68,100.0
3,2026-05-07 07:58:09.587,6601.68,100.0
3,2026-05-07 07:58:10.588,6601.68,100.0
3,2026-05-07 07:58:11.590,6601.68,100.0
3,2026-05-07 07:58:12.591,6601.68,100.0
3,2026-05-07 07:58:13.592,6601.68,100.0
3,2026-05-07 07:58:14.594,6601.68,100.0
3,2026-05-07 07:58:15.596,6601.68,100.0
3,2026-05-07 07:58:16.601,6601.68,100.0
3,2026-05-07 07:58:17.607,6601.68,100.0
3,2026-05-07 07:58:18.609,6601.68,100.0
3,2026-05-07 07:58:19.610,6601.68,100.0
3,2026-05-07 07:58:20.611,6601.68,100.0
3,2026-05-07 07:58:21.613,6601.68,100.0
3,2026-05-07 07:58:22.615,6601.68,100.0
3,2026-05-07 07:58:23.619,6601.68,100.0
3,2026-05-07 07:58:24.621,6601.68,100.0
3,2026-05-07 07:58:25.622,6601.68,100.0
3,2026-05-07 07:58:26.623,6601.68,100.0
3,2026-05-07 07:58:27.625,6601.68,100.0
3,2026-05-07 07:58:28.626,6601.68,100.0
3,2026-05-07 07:58:29.628,6601.68,100.0
3,2026-05-07 07:58:30.630,6601.68,100.0
3,2026-05-07 07:58:31.631,6601.68,100.0
3,2026-05-07 07:58:32.632,6601.68,100.0
3,2026-05-07 07:58:33.634,6601.68,100.0
3,2026-05-07 07:58:34.636,6601.68,100.0
3,2026-05-07 07:58:35.638,6601.68,100.0
3,2026-05-07 07:58:36.639,6601.68,100.0
3,2026-05-07 07:58:37.641,6601.68,100.0
3,2026-05-07 07:58:38.645,6601.68,100.0
3,2026-05-07 07:58:39.646,6601.68,100.0
3,2026-05-07 07:58:40.649,6601.68,100.0
3,2026-05-07 07:58:41.650,6601.68,100.0
3,2026-05-07 07:58:42.652,6601.68,100.0
3,2026-05-07 07:58:43.654,6601.68,100.0
3,2026-05-07 07:58:44.655,6601.68,100.0
3,2026-05-07 07:58:45.656,6601.68,100.0
3,2026-05-07 07:58:46.658,6601.68,100.0
3,2026-05-07 07:58:47.660,6601.68,100.0
3,2026-05-07 07:58:48.662,6601.68,100.0
3,2026-05-07 07:58:49.666,6601.68,100.0
3,2026-05-07 07:58:50.677,6601.68,100.0
3,2026-05-07 07:58:51.679,6601.68,100.0
3,2026-05-07 07:58:52.680,6601.68,100.0
3,2026-05-07 07:58:53.682,6601.68,100.0
3,2026-05-07 07:58:54.685,6601.68,100.0
3,2026-05-07 07:58:55.687,6601.68,100.0
3,2026-05-07 07:58:56.701,6601.68,100.0
3,2026-05-07 07:58:57.703,6601.68,100.0
3,2026-05-07 07:58:58.705,6601.68,100.0
4,2026-05-07 07:59:35.058,6601.68,100.0
4,2026-05-07 07:59:36.059,6601.68,100.0
4,2026-05-07 07:59:37.060,6601.68,100.0
4,2026-05-07 07:59:38.063,6601.68,100.0
4,2026-05-07 07:59:39.070,6601.68,100.0
4,2026-05-07 07:59:40.074,6601.68,100.0
4,2026-05-07 07:59:41.076,6601.68,100.0
4,2026-05-07 07:59:42.079,6601.68,100.0
4,2026-05-07 07:59:43.087,6601.68,100.0
4,2026-05-07 07:59:44.089,6601.68,100.0
4,2026-05-07 07:59:45.092,6601.68,100.0
4,2026-05-07 07:59:46.093,6601.68,100.0
4,2026-05-07 07:59:47.096,6601.68,100.0
4,2026-05-07 07:59:48.097,6601.68,100.0
4,2026-05-07 07:59:49.098,6601.68,100.0
4,2026-05-07 07:59:50.098,6601.68,100.0
4,2026-05-07 07:59:51.102,6601.68,100.0
4,2026-05-07 07:59:52.103,6601.68,100.0
4,2026-05-07 07:59:53.104,6601.68,100.0
4,2026-05-07 07:59:54.111,6601.68,100.0
4,2026-05-07 07:59:55.116,6601.68,100.0
4,2026-05-07 07:59:56.127,6601.68,100.0
4,2026-05-07 07:59:57.129,6601.68,100.0
4,2026-05-07 07:59:58.131,5870.96,88.9
4,2026-05-07 07:59:59.133,5870.96,88.9
4,2026-05-07 08:00:00.134,5870.96,88.9
4,2026-05-07 08:00:01.135,5870.96,88.9
4,2026-05-07 08:00:02.137,5870.96,88.9
4,2026-05-07 08:00:03.139,5870.96,88.9
4,2026-05-07 08:00:04.142,5432.06,82.3
4,2026-05-07 08:00:05.144,5432.06,82.3
4,2026-05-07 08:00:06.145,4993.52,75.6
4,2026-05-07 08:00:07.148,4993.52,75.6
4,2026-05-07 08:00:08.154,4408.62,66.8
4,2026-05-07 08:00:09.196,4261.9,64.6
4,2026-05-07 08:00:10.205,4261.9,64.6
4,2026-05-07 08:00:11.210,4261.9,64.6
4,2026-05-07 08:00:12.215,3969.54,60.1
4,2026-05-07 08:00:13.232,3969.54,60.1
4,2026-05-07 08:00:14.235,3969.54,60.1
4,2026-05-07 08:00:15.236,3969.54,60.1
4,2026-05-07 08:00:16.239,3969.54,60.1
4,2026-05-07 08:00:17.240,3969.54,60.1
4,2026-05-07 08:00:18.240,3969.54,60.1
4,2026-05-07 08:00:19.242,3969.54,60.1
4,2026-05-07 08:00:20.244,3969.54,60.1
4,2026-05-07 08:00:21.248,3969.54,60.1
4,2026-05-07 08:00:22.252,3969.54,60.1
4,2026-05-07 08:00:23.254,3969.54,60.1
4,2026-05-07 08:00:24.255,3969.54,60.1
4,2026-05-07 08:00:25.256,3969.54,60.1
4,2026-05-07 08:00:26.257,3969.54,60.1
4,2026-05-07 08:00:27.258,3969.54,60.1
4,2026-05-07 08:00:28.260,3969.54,60.1
4,2026-05-07 08:00:29.261,3969.54,60.1
4,2026-05-07 08:00:30.264,3969.54,60.1
4,2026-05-07 08:00:31.267,3969.18,60.1
4,2026-05-07 08:00:32.269,3676.64,55.7
4,2026-05-07 08:00:33.271,3676.64,55.7
4,2026-05-07 08:00:34.277,3676.64,55.7
4,2026-05-07 08:00:35.281,3676.64,55.7
4,2026-05-07 08:00:36.282,3676.64,55.7
4,2026-05-07 08:00:37.284,3676.64,55.7
4,2026-05-07 08:00:38.287,3676.64,55.7
4,2026-05-07 08:00:39.290,3676.64,55.7
4,2026-05-07 08:00:40.292,3676.64,55.7
4,2026-05-07 08:00:41.295,3676.64,55.7
4,2026-05-07 08:00:42.297,3676.64,55.7
4,2026-05-07 08:00:43.299,3676.64,55.7
4,2026-05-07 08:00:44.302,3676.64,55.7
4,2026-05-07 08:00:45.302,3530.1,53.5
4,2026-05-07 08:00:46.359,2653.02,40.2
4,2026-05-07 08:00:47.362,2653.02,40.2
4,2026-05-07 08:00:48.363,2652.84,40.2
4,2026-05-07 08:00:49.371,2652.84,40.2
4,2026-05-07 08:00:50.372,2652.84,40.2
4,2026-05-07 08:00:51.377,2652.84,40.2
4,2026-05-07 08:00:52.381,2360.48,35.8
4,2026-05-07 08:00:53.387,2360.48,35.8
4,2026-05-07 08:00:54.391,2214.3,33.5
4,2026-05-07 08:00:55.398,2214.3,33.5
4,2026-05-07 08:00:56.400,2214.3,33.5
4,2026-05-07 08:00:57.424,2214.3,33.5
4,2026-05-07 08:00:58.434,2214.3,33.5
4,2026-05-07 08:00:59.435,2067.76,31.3
4,2026-05-07 08:01:00.438,2067.76,31.3
4,2026-05-07 08:01:01.440,2067.58,31.3
4,2026-05-07 08:01:02.441,2067.58,31.3
4,2026-05-07 08:01:03.470,2067.58,31.3
4,2026-05-07 08:01:04.475,2067.58,31.3
4,2026-05-07 08:01:05.477,2067.58,31.3
4,2026-05-07 08:01:06.483,2067.58,31.3
4,2026-05-07 08:01:07.486,2067.58,31.3
4,2026-05-07 08:01:08.493,2067.58,31.3
4,2026-05-07 08:01:09.497,2067.58,31.3
4,2026-05-07 08:01:10.499,2067.58,31.3
4,2026-05-07 08:01:11.501,1921.4,29.1
4,2026-05-07 08:01:12.503,1921.22,29.1
4,2026-05-07 08:01:13.509,1774.68,26.9
4,2026-05-07 08:01:14.514,1774.68,26.9
4,2026-05-07 08:01:15.520,1774.68,26.9
4,2026-05-07 08:01:16.522,1774.68,26.9
4,2026-05-07 08:01:17.524,1774.68,26.9
4,2026-05-07 08:01:18.526,1774.68,26.9
4,2026-05-07 08:01:19.528,1774.68,26.9
4,2026-05-07 08:01:20.530,1774.68,26.9
4,2026-05-07 08:01:21.532,1774.68,26.9
4,2026-05-07 08:01:22.533,1774.68,26.9
4,2026-05-07 08:01:23.535,1774.68,26.9
4,2026-05-07 08:01:24.536,1774.68,26.9
4,2026-05-07 08:01:25.548,1774.68,26.9
4,2026-05-07 08:01:26.552,1774.68,26.9
4,2026-05-07 08:01:27.560,1774.68,26.9
4,2026-05-07 08:01:28.563,1774.68,26.9
4,2026-05-07 08:01:29.564,1774.68,26.9
4,2026-05-07 08:01:30.566,1628.5,24.7
4,2026-05-07 08:01:31.568,1628.5,24.7
4,2026-05-07 08:01:32.569,1628.5,24.7
4,2026-05-07 08:01:33.572,1628.5,24.7
4,2026-05-07 08:01:34.574,1628.5,24.7
4,2026-05-07 08:01:35.577,1628.5,24.7
4,2026-05-07 08:01:36.582,1628.5,24.7
4,2026-05-07 08:01:37.584,1628.5,24.7
4,2026-05-07 08:01:38.594,1628.5,24.7
4,2026-05-07 08:01:39.596,1628.5,24.7
4,2026-05-07 08:01:40.599,1628.5,24.7
4,2026-05-07 08:01:41.604,1628.5,24.7
4,2026-05-07 08:01:42.607,1628.5,24.7
4,2026-05-07 08:01:43.608,1628.5,24.7
4,2026-05-07 08:01:44.617,1628.5,24.7
4,2026-05-07 08:01:45.621,1628.5,24.7
4,2026-05-07 08:01:46.623,1628.5,24.7
4,2026-05-07 08:01:47.624,1628.5,24.7
4,2026-05-07 08:01:48.625,1628.5,24.7
4,2026-05-07 08:01:49.640,1628.5,24.7
4,2026-05-07 08:01:50.642,1628.5,24.7
4,2026-05-07 08:01:51.645,1628.5,24.7
4,2026-05-07 08:01:52.650,1628.5,24.7
4,2026-05-07 08:01:53.654,1628.5,24.7
4,2026-05-07 08:01:54.655,1628.5,24.7
4,2026-05-07 08:01:55.658,1628.5,24.7
4,2026-05-07 08:01:56.659,1628.5,24.7
4,2026-05-07 08:01:57.660,1628.5,24.7
4,2026-05-07 08:01:58.662,1628.5,24.7
4,2026-05-07 08:01:59.665,1628.5,24.7
4,2026-05-07 08:02:00.667,1628.5,24.7
4,2026-05-07 08:02:01.669,1628.5,24.7
4,2026-05-07 08:02:02.674,1628.5,24.7
4,2026-05-07 08:02:03.676,1628.5,24.7
4,2026-05-07 08:02:04.678,1628.5,24.7
4,2026-05-07 08:02:05.680,1628.5,24.7
4,2026-05-07 08:02:06.682,1628.5,24.7
4,2026-05-07 08:02:07.684,1628.5,24.7
4,2026-05-07 08:02:08.685,1628.5,24.7
4,2026-05-07 08:02:09.686,1628.5,24.7
4,2026-05-07 08:02:10.688,1628.5,24.7
4,2026-05-07 08:02:11.690,1628.5,24.7
4,2026-05-07 08:02:12.691,1628.5,24.7
4,2026-05-07 08:02:13.693,1628.5,24.7
4,2026-05-07 08:02:14.694,1628.5,24.7
4,2026-05-07 08:02:15.696,1628.5,24.7
4,2026-05-07 08:02:16.698,1628.5,24.7
4,2026-05-07 08:02:17.699,1628.5,24.7
4,2026-05-07 08:02:18.702,1628.5,24.7
4,2026-05-07 08:02:19.703,1628.5,24.7
4,2026-05-07 08:02:20.704,1628.5,24.7
4,2026-05-07 08:02:21.706,1628.5,24.7
4,2026-05-07 08:02:22.709,1628.5,24.7
4,2026-05-07 08:02:23.711,1628.5,24.7
4,2026-05-07 08:02:24.712,1628.5,24.7
4,2026-05-07 08:02:25.714,1628.5,24.7
4,2026-05-07 08:02:26.716,1628.5,24.7
4,2026-05-07 08:02:27.717,1628.5,24.7
5,2026-05-07 08:03:03.561,6601.68,100.0
5,2026-05-07 08:03:04.562,6601.68,100.0
5,2026-05-07 08:03:05.564,6601.68,100.0
5,2026-05-07 08:03:06.566,6601.68,100.0
5,2026-05-07 08:03:07.585,6601.68,100.0
5,2026-05-07 08:03:08.592,6601.68,100.0
5,2026-05-07 08:03:09.594,6601.68,100.0
5,2026-05-07 08:03:10.595,6601.68,100.0
5,2026-05-07 08:03:11.600,6601.68,100.0
5,2026-05-07 08:03:12.605,6601.68,100.0
5,2026-05-07 08:03:13.608,6601.68,100.0
5,2026-05-07 08:03:14.609,6601.68,100.0
5,2026-05-07 08:03:15.610,6601.68,100.0
5,2026-05-07 08:03:16.614,6601.68,100.0
5,2026-05-07 08:03:17.629,6601.68,100.0
5,2026-05-07 08:03:18.631,6601.68,100.0
5,2026-05-07 08:03:19.633,6601.68,100.0
5,2026-05-07 08:03:20.634,6601.68,100.0
5,2026-05-07 08:03:21.639,6601.68,100.0
5,2026-05-07 08:03:22.642,6601.68,100.0
5,2026-05-07 08:03:23.644,6601.68,100.0
5,2026-05-07 08:03:24.647,6601.68,100.0
5,2026-05-07 08:03:25.648,6601.68,100.0
5,2026-05-07 08:03:26.649,5870.96,88.9
5,2026-05-07 08:03:27.651,5286.24,80.1
5,2026-05-07 08:03:28.771,5286.24,80.1
5,2026-05-07 08:03:29.777,5286.24,80.1
5,2026-05-07 08:03:30.779,4408.8,66.8
5,2026-05-07 08:03:31.781,4408.8,66.8
5,2026-05-07 08:03:32.783,3970.08,60.1
5,2026-05-07 08:03:33.785,3970.08,60.1
5,2026-05-07 08:03:34.787,3823.9,57.9
5,2026-05-07 08:03:35.792,3823.9,57.9
5,2026-05-07 08:03:36.796,3823.9,57.9
5,2026-05-07 08:03:37.796,3823.9,57.9
5,2026-05-07 08:03:38.799,3823.9,57.9
5,2026-05-07 08:03:39.809,3823.18,57.9
5,2026-05-07 08:03:40.815,3823.18,57.9
5,2026-05-07 08:03:41.818,3530.82,53.5
5,2026-05-07 08:03:42.820,3530.82,53.5
5,2026-05-07 08:03:43.832,3238.46,49.1
5,2026-05-07 08:03:44.838,3238.46,49.1
5,2026-05-07 08:03:45.842,3238.46,49.1
5,2026-05-07 08:03:46.844,3238.46,49.1
5,2026-05-07 08:03:47.846,3238.1,49.0
5,2026-05-07 08:03:48.854,3238.1,49.0
5,2026-05-07 08:03:49.872,2945.56,44.6
5,2026-05-07 08:03:50.874,2945.56,44.6
5,2026-05-07 08:03:51.876,2799.38,42.4
5,2026-05-07 08:03:52.877,2799.38,42.4
5,2026-05-07 08:03:53.896,2799.38,42.4
5,2026-05-07 08:03:54.909,2799.38,42.4
5,2026-05-07 08:03:55.922,2799.38,42.4
5,2026-05-07 08:03:56.927,2799.38,42.4
5,2026-05-07 08:03:57.933,2799.38,42.4
5,2026-05-07 08:03:58.934,2799.38,42.4
5,2026-05-07 08:03:59.937,2799.38,42.4
5,2026-05-07 08:04:00.985,2799.2,42.4
5,2026-05-07 08:04:01.988,2799.2,42.4
5,2026-05-07 08:04:02.990,2506.84,38.0
5,2026-05-07 08:04:03.992,2506.84,38.0
5,2026-05-07 08:04:04.994,2506.84,38.0
5,2026-05-07 08:04:05.997,2506.84,38.0
5,2026-05-07 08:04:06.999,2506.84,38.0
5,2026-05-07 08:04:07.999,2506.84,38.0
5,2026-05-07 08:04:09.002,2506.84,38.0
5,2026-05-07 08:04:10.005,2506.84,38.0
5,2026-05-07 08:04:11.007,2360.66,35.8
5,2026-05-07 08:04:12.008,2360.66,35.8
5,2026-05-07 08:04:13.011,2360.12,35.8
5,2026-05-07 08:04:14.013,2360.12,35.8
5,2026-05-07 08:04:15.099,2360.12,35.8
5,2026-05-07 08:04:16.101,2360.12,35.8
5,2026-05-07 08:04:17.104,2359.94,35.7
5,2026-05-07 08:04:18.113,2213.76,33.5
5,2026-05-07 08:04:19.119,2213.76,33.5
5,2026-05-07 08:04:20.122,2213.76,33.5
5,2026-05-07 08:04:21.124,2067.22,31.3
5,2026-05-07 08:04:22.125,2067.22,31.3
5,2026-05-07 08:04:23.128,2067.04,31.3
5,2026-05-07 08:04:24.136,2067.04,31.3
5,2026-05-07 08:04:25.139,1920.86,29.1
5,2026-05-07 08:04:26.141,1920.86,29.1
5,2026-05-07 08:04:27.144,1920.86,29.1
5,2026-05-07 08:04:28.145,1920.68,29.1
5,2026-05-07 08:04:29.167,1920.68,29.1
5,2026-05-07 08:04:30.169,1920.68,29.1
5,2026-05-07 08:04:31.172,1774.5,26.9
5,2026-05-07 08:04:32.181,1774.5,26.9
5,2026-05-07 08:04:33.188,1774.5,26.9
5,2026-05-07 08:04:34.194,1774.5,26.9
5,2026-05-07 08:04:35.197,1774.5,26.9
5,2026-05-07 08:04:36.199,1774.5,26.9
5,2026-05-07 08:04:37.202,1774.5,26.9
5,2026-05-07 08:04:38.204,1774.5,26.9
5,2026-05-07 08:04:39.216,1774.5,26.9
5,2026-05-07 08:04:40.218,1774.5,26.9
5,2026-05-07 08:04:41.220,1774.5,26.9
5,2026-05-07 08:04:42.222,1774.5,26.9
5,2026-05-07 08:04:43.223,1774.5,26.9
5,2026-05-07 08:04:44.225,1628.32,24.7
5,2026-05-07 08:04:45.228,1628.32,24.7
5,2026-05-07 08:04:46.230,1628.32,24.7
5,2026-05-07 08:04:47.233,1628.32,24.7
5,2026-05-07 08:04:48.235,1628.14,24.7
5,2026-05-07 08:04:49.237,1628.14,24.7
5,2026-05-07 08:04:50.240,1628.14,24.7
5,2026-05-07 08:04:51.242,1628.14,24.7
5,2026-05-07 08:04:52.244,1628.14,24.7
5,2026-05-07 08:04:53.247,1628.14,24.7
5,2026-05-07 08:04:54.250,1628.14,24.7
5,2026-05-07 08:04:55.253,1628.14,24.7
5,2026-05-07 08:04:56.256,1628.14,24.7
5,2026-05-07 08:04:57.259,1628.14,24.7
5,2026-05-07 08:04:58.263,1628.14,24.7
5,2026-05-07 08:04:59.265,1628.14,24.7
5,2026-05-07 08:05:00.267,1628.14,24.7
5,2026-05-07 08:05:01.269,1628.14,24.7
5,2026-05-07 08:05:02.270,1628.14,24.7
5,2026-05-07 08:05:03.273,1628.14,24.7
5,2026-05-07 08:05:04.274,1628.14,24.7
5,2026-05-07 08:05:05.276,1628.14,24.7
5,2026-05-07 08:05:06.278,1627.96,24.7
5,2026-05-07 08:05:07.279,1627.96,24.7
5,2026-05-07 08:05:08.280,1627.96,24.7
5,2026-05-07 08:05:09.281,1627.96,24.7
5,2026-05-07 08:05:10.284,1627.96,24.7
5,2026-05-07 08:05:11.285,1627.78,24.7
5,2026-05-07 08:05:12.287,1627.78,24.7
5,2026-05-07 08:05:13.295,1627.6,24.7
5,2026-05-07 08:05:14.299,1627.6,24.7
5,2026-05-07 08:05:15.301,1627.6,24.7
5,2026-05-07 08:05:16.302,1627.6,24.7
5,2026-05-07 08:05:17.304,1627.6,24.7
5,2026-05-07 08:05:18.310,1627.6,24.7
5,2026-05-07 08:05:19.312,1481.24,22.4
5,2026-05-07 08:05:20.315,1481.24,22.4
5,2026-05-07 08:05:21.321,1481.24,22.4
5,2026-05-07 08:05:22.324,1481.24,22.4
5,2026-05-07 08:05:23.327,1481.24,22.4
5,2026-05-07 08:05:24.334,1481.24,22.4
5,2026-05-07 08:05:25.339,1481.24,22.4
5,2026-05-07 08:05:26.341,1481.24,22.4
5,2026-05-07 08:05:27.344,1481.24,22.4
5,2026-05-07 08:05:28.345,1481.24,22.4
5,2026-05-07 08:05:29.348,1481.24,22.4
5,2026-05-07 08:05:30.351,1481.24,22.4
5,2026-05-07 08:05:31.354,1481.24,22.4
5,2026-05-07 08:05:32.358,1481.24,22.4
5,2026-05-07 08:05:33.360,1481.24,22.4
5,2026-05-07 08:05:34.362,1481.24,22.4
5,2026-05-07 08:05:35.366,1481.24,22.4
5,2026-05-07 08:05:36.370,1481.24,22.4
5,2026-05-07 08:05:37.374,1481.24,22.4
5,2026-05-07 08:05:38.383,1481.24,22.4
5,2026-05-07 08:05:39.385,1481.24,22.4
5,2026-05-07 08:05:40.387,1481.24,22.4
5,2026-05-07 08:05:41.390,1481.24,22.4
5,2026-05-07 08:05:42.394,1481.24,22.4
5,2026-05-07 08:05:43.398,1481.24,22.4
5,2026-05-07 08:05:44.400,1481.24,22.4
5,2026-05-07 08:05:45.403,1481.24,22.4
5,2026-05-07 08:05:46.404,1481.24,22.4
5,2026-05-07 08:05:47.407,1481.24,22.4
5,2026-05-07 08:05:48.408,1481.24,22.4
5,2026-05-07 08:05:49.414,1481.24,22.4
5,2026-05-07 08:05:50.415,1481.24,22.4
5,2026-05-07 08:05:51.418,1481.24,22.4
5,2026-05-07 08:05:52.426,1481.24,22.4
5,2026-05-07 08:05:53.432,1481.24,22.4
5,2026-05-07 08:05:54.435,1481.24,22.4
5,2026-05-07 08:05:55.438,1481.24,22.4
5,2026-05-07 08:05:56.441,1481.24,22.4
1,2026-05-07 08:09:27.410,6601.68,100.0
1,2026-05-07 08:09:28.412,6601.68,100.0
1,2026-05-07 08:09:29.467,6601.68,100.0
1,2026-05-07 08:09:30.470,6601.68,100.0
1,2026-05-07 08:09:31.475,6601.68,100.0
1,2026-05-07 08:09:32.477,6601.68,100.0
1,2026-05-07 08:09:33.479,6601.68,100.0
1,2026-05-07 08:09:34.482,6601.68,100.0
1,2026-05-07 08:09:35.483,6601.68,100.0
1,2026-05-07 08:09:36.484,6601.68,100.0
1,2026-05-07 08:09:37.486,6601.68,100.0
1,2026-05-07 08:09:38.488,6601.68,100.0
1,2026-05-07 08:09:39.490,6601.68,100.0
1,2026-05-07 08:09:40.492,6601.68,100.0
1,2026-05-07 08:09:41.498,6601.68,100.0
1,2026-05-07 08:09:42.513,6601.68,100.0
1,2026-05-07 08:09:43.525,6601.68,100.0
1,2026-05-07 08:09:44.527,6601.68,100.0
1,2026-05-07 08:09:45.528,6601.68,100.0
1,2026-05-07 08:09:46.530,6601.68,100.0
1,2026-05-07 08:09:47.533,6601.68,100.0
1,2026-05-07 08:09:48.534,6601.68,100.0
1,2026-05-07 08:09:49.534,6601.68,100.0
1,2026-05-07 08:09:50.536,6601.68,100.0
1,2026-05-07 08:09:51.537,6601.68,100.0
1,2026-05-07 08:09:52.539,6601.68,100.0
1,2026-05-07 08:09:53.541,6601.68,100.0
1,2026-05-07 08:09:54.542,6601.68,100.0
1,2026-05-07 08:09:55.542,6601.68,100.0
1,2026-05-07 08:09:56.547,6601.68,100.0
1,2026-05-07 08:09:57.548,6601.68,100.0
1,2026-05-07 08:09:58.551,6601.68,100.0
1,2026-05-07 08:09:59.554,6601.68,100.0
1,2026-05-07 08:10:00.558,6601.68,100.0
1,2026-05-07 08:10:01.562,6601.68,100.0
1,2026-05-07 08:10:02.564,6601.68,100.0
1,2026-05-07 08:10:03.566,6601.68,100.0
1,2026-05-07 08:10:04.568,6601.68,100.0
1,2026-05-07 08:10:05.570,6601.68,100.0
1,2026-05-07 08:10:06.571,6601.68,100.0
1,2026-05-07 08:10:07.574,6601.68,100.0
1,2026-05-07 08:10:08.575,6601.68,100.0
1,2026-05-07 08:10:09.576,6601.68,100.0
1,2026-05-07 08:10:10.582,6601.68,100.0
1,2026-05-07 08:10:11.586,6601.68,100.0
1,2026-05-07 08:10:12.590,6601.68,100.0
1,2026-05-07 08:10:13.591,6601.68,100.0
1,2026-05-07 08:10:14.593,6601.68,100.0
1,2026-05-07 08:10:15.614,6601.68,100.0
1,2026-05-07 08:10:16.617,6601.68,100.0
1,2026-05-07 08:10:17.634,6601.68,100.0
1,2026-05-07 08:10:18.637,6601.68,100.0
1,2026-05-07 08:10:19.638,6601.68,100.0
1,2026-05-07 08:10:20.639,6601.68,100.0
1,2026-05-07 08:10:21.641,6601.68,100.0
1,2026-05-07 08:10:22.642,6601.68,100.0
1,2026-05-07 08:10:23.644,6601.68,100.0
1,2026-05-07 08:10:24.645,6601.68,100.0
1,2026-05-07 08:10:25.650,6601.68,100.0
1,2026-05-07 08:10:26.651,6601.68,100.0
1,2026-05-07 08:10:27.653,6601.68,100.0
1,2026-05-07 08:10:28.654,6601.68,100.0
1,2026-05-07 08:10:29.660,6601.68,100.0
1,2026-05-07 08:10:30.670,6601.68,100.0
1,2026-05-07 08:10:31.673,6601.68,100.0
1,2026-05-07 08:10:32.678,6601.68,100.0
1,2026-05-07 08:10:33.684,6601.68,100.0
1,2026-05-07 08:10:34.686,6601.68,100.0
1,2026-05-07 08:10:35.688,6601.68,100.0
1,2026-05-07 08:10:36.690,6601.68,100.0
1,2026-05-07 08:10:37.692,6601.68,100.0
1,2026-05-07 08:10:38.693,6601.68,100.0
1,2026-05-07 08:10:39.695,6601.68,100.0
1,2026-05-07 08:10:40.716,6601.68,100.0
1,2026-05-07 08:10:41.732,6601.68,100.0
1,2026-05-07 08:10:42.733,6601.68,100.0
1,2026-05-07 08:10:43.735,6601.68,100.0
1,2026-05-07 08:10:44.741,6601.68,100.0
1,2026-05-07 08:10:45.743,6601.68,100.0
1,2026-05-07 08:10:46.746,6601.68,100.0
1,2026-05-07 08:10:47.748,6601.68,100.0
1,2026-05-07 08:10:48.752,6601.68,100.0
1,2026-05-07 08:10:49.771,6601.68,100.0
1,2026-05-07 08:10:50.773,6601.68,100.0
1,2026-05-07 08:10:51.787,6601.68,100.0
1,2026-05-07 08:10:52.789,6601.68,100.0
1,2026-05-07 08:10:53.799,6601.68,100.0
1,2026-05-07 08:10:54.803,6601.68,100.0
1,2026-05-07 08:10:55.819,6601.68,100.0
1,2026-05-07 08:10:56.832,6601.68,100.0
1,2026-05-07 08:10:57.835,6601.68,100.0
1,2026-05-07 08:10:58.838,6601.68,100.0
1,2026-05-07 08:10:59.848,6601.68,100.0
1,2026-05-07 08:11:00.850,6601.68,100.0
1,2026-05-07 08:11:01.858,6601.68,100.0
1,2026-05-07 08:11:02.860,6601.68,100.0
1,2026-05-07 08:11:03.862,6601.68,100.0
1,2026-05-07 08:11:04.868,6601.68,100.0
1,2026-05-07 08:11:05.870,6601.68,100.0
1,2026-05-07 08:11:06.885,6601.68,100.0
1,2026-05-07 08:11:07.891,6601.68,100.0
1,2026-05-07 08:11:08.892,6601.68,100.0
1,2026-05-07 08:11:09.895,6601.68,100.0
1,2026-05-07 08:11:10.896,6601.68,100.0
1,2026-05-07 08:11:11.899,6601.68,100.0
1,2026-05-07 08:11:12.900,6601.68,100.0
1,2026-05-07 08:11:13.902,6601.68,100.0
1,2026-05-07 08:11:14.906,6601.68,100.0
1,2026-05-07 08:11:15.909,6601.68,100.0
1,2026-05-07 08:11:16.911,6601.68,100.0
1,2026-05-07 08:11:17.915,6601.68,100.0
1,2026-05-07 08:11:18.916,6601.68,100.0
1,2026-05-07 08:11:19.917,6601.68,100.0
1,2026-05-07 08:11:20.919,6601.68,100.0
1,2026-05-07 08:11:21.920,6601.68,100.0
1,2026-05-07 08:11:22.924,6601.68,100.0
1,2026-05-07 08:11:23.926,6601.68,100.0
1,2026-05-07 08:11:24.927,6601.68,100.0
1,2026-05-07 08:11:25.939,6601.68,100.0
1,2026-05-07 08:11:26.940,6601.68,100.0
1,2026-05-07 08:11:27.943,6601.68,100.0
1,2026-05-07 08:11:28.945,6601.68,100.0
1,2026-05-07 08:11:29.959,6601.68,100.0
1,2026-05-07 08:11:30.960,6601.68,100.0
1,2026-05-07 08:11:31.975,6601.68,100.0
1,2026-05-07 08:11:32.982,6601.68,100.0
1,2026-05-07 08:11:33.986,6601.68,100.0
1,2026-05-07 08:11:34.988,6601.68,100.0
1,2026-05-07 08:11:35.990,6601.68,100.0
1,2026-05-07 08:11:36.992,6601.68,100.0
1,2026-05-07 08:11:37.994,6601.68,100.0
1,2026-05-07 08:11:38.997,6601.68,100.0
1,2026-05-07 08:11:39.998,6601.68,100.0
1,2026-05-07 08:11:41.003,6601.68,100.0
1,2026-05-07 08:11:42.004,6601.68,100.0
1,2026-05-07 08:11:43.017,6601.68,100.0
1,2026-05-07 08:11:44.020,6601.68,100.0
1,2026-05-07 08:11:45.022,6601.68,100.0
1,2026-05-07 08:11:46.023,6601.68,100.0
1,2026-05-07 08:11:47.038,6601.68,100.0
1,2026-05-07 08:11:48.041,6601.68,100.0
1,2026-05-07 08:11:49.043,6601.68,100.0
1,2026-05-07 08:11:50.047,6601.68,100.0
1,2026-05-07 08:11:51.060,6601.68,100.0
1,2026-05-07 08:11:52.063,6601.68,100.0
1,2026-05-07 08:11:53.065,6601.68,100.0
1,2026-05-07 08:11:54.066,6601.68,100.0
1,2026-05-07 08:11:55.067,6601.68,100.0
1,2026-05-07 08:11:56.069,6601.68,100.0
1,2026-05-07 08:11:57.073,6601.68,100.0
1,2026-05-07 08:11:58.078,6601.68,100.0
1,2026-05-07 08:11:59.081,6601.68,100.0
1,2026-05-07 08:12:00.087,6601.68,100.0
1,2026-05-07 08:12:01.093,6601.68,100.0
1,2026-05-07 08:12:02.095,6601.68,100.0
1,2026-05-07 08:12:03.097,6601.68,100.0
1,2026-05-07 08:12:04.100,6601.68,100.0
1,2026-05-07 08:12:05.105,6601.68,100.0
1,2026-05-07 08:12:06.109,6601.68,100.0
1,2026-05-07 08:12:07.112,6601.68,100.0
1,2026-05-07 08:12:08.116,6601.68,100.0
1,2026-05-07 08:12:09.118,6601.68,100.0
1,2026-05-07 08:12:10.131,6601.68,100.0
1,2026-05-07 08:12:11.133,6601.68,100.0
1,2026-05-07 08:12:12.138,6601.68,100.0
1,2026-05-07 08:12:13.144,6601.68,100.0
1,2026-05-07 08:12:14.145,6601.68,100.0
1,2026-05-07 08:12:15.147,6601.68,100.0
1,2026-05-07 08:12:16.149,6601.68,100.0
1,2026-05-07 08:12:17.150,6601.68,100.0
1,2026-05-07 08:12:18.157,6601.68,100.0
1,2026-05-07 08:12:19.159,6601.68,100.0
1,2026-05-07 08:12:20.162,6601.68,100.0
1,2026-05-07 08:12:21.164,6601.68,100.0
1,2026-05-07 08:12:22.166,6601.68,100.0
1,2026-05-07 08:12:23.168,6601.68,100.0
1,2026-05-07 08:12:24.170,6601.68,100.0
1,2026-05-07 08:12:25.172,6601.68,100.0
1,2026-05-07 08:12:26.175,6601.68,100.0
1,2026-05-07 08:12:27.179,6601.68,100.0
1,2026-05-07 08:12:28.189,6601.68,100.0
1,2026-05-07 08:12:29.192,6601.68,100.0
1,2026-05-07 08:12:30.196,6601.68,100.0
1,2026-05-07 08:12:31.198,6601.68,100.0
1,2026-05-07 08:12:32.200,6601.68,100.0
1,2026-05-07 08:12:33.202,6601.68,100.0
1,2026-05-07 08:12:34.208,6601.68,100.0
1,2026-05-07 08:12:35.213,6601.68,100.0
1,2026-05-07 08:12:36.227,6601.68,100.0
1,2026-05-07 08:12:37.229,6601.68,100.0
1,2026-05-07 08:12:38.234,6601.68,100.0
1,2026-05-07 08:12:39.236,6601.68,100.0
1,2026-05-07 08:12:40.238,6601.68,100.0
1,2026-05-07 08:12:41.243,6601.68,100.0
1,2026-05-07 08:12:42.246,6601.68,100.0
1,2026-05-07 08:12:43.247,6601.68,100.0
1,2026-05-07 08:12:44.249,6601.68,100.0
1,2026-05-07 08:12:45.253,6601.68,100.0
1,2026-05-07 08:12:46.256,6601.68,100.0
1,2026-05-07 08:12:47.259,6601.68,100.0
1,2026-05-07 08:12:48.262,6601.68,100.0
1,2026-05-07 08:12:49.263,6601.68,100.0
1,2026-05-07 08:12:50.280,6601.68,100.0
1,2026-05-07 08:12:51.282,6601.68,100.0
1,2026-05-07 08:12:52.284,6601.68,100.0
1,2026-05-07 08:12:53.291,6601.68,100.0
1,2026-05-07 08:12:54.294,6601.68,100.0
1,2026-05-07 08:12:55.305,6601.68,100.0
1,2026-05-07 08:12:56.306,6601.68,100.0
1,2026-05-07 08:12:57.309,6601.68,100.0
1,2026-05-07 08:12:58.310,6601.68,100.0
1,2026-05-07 08:12:59.314,6601.68,100.0
1,2026-05-07 08:13:00.322,6601.68,100.0
1,2026-05-07 08:13:01.325,6601.68,100.0
1,2026-05-07 08:13:02.326,6601.68,100.0
1,2026-05-07 08:13:03.331,6601.68,100.0
1,2026-05-07 08:13:04.334,6601.68,100.0
1,2026-05-07 08:13:05.343,6601.68,100.0
1,2026-05-07 08:13:06.344,6601.68,100.0
1,2026-05-07 08:13:07.345,6601.68,100.0
1,2026-05-07 08:13:08.349,6601.68,100.0
1,2026-05-07 08:13:09.368,6601.68,100.0
1,2026-05-07 08:13:10.369,6601.68,100.0
1,2026-05-07 08:13:11.381,6601.68,100.0
1,2026-05-07 08:13:12.383,6601.68,100.0
1,2026-05-07 08:13:13.387,6601.68,100.0
1,2026-05-07 08:13:14.391,6601.68,100.0
1,2026-05-07 08:13:15.392,6601.68,100.0
1,2026-05-07 08:13:16.394,6601.68,100.0
1,2026-05-07 08:13:17.396,6601.68,100.0
1,2026-05-07 08:13:18.397,6601.68,100.0
1,2026-05-07 08:13:19.398,6601.68,100.0
1,2026-05-07 08:13:20.399,6601.68,100.0
1,2026-05-07 08:13:21.401,6601.68,100.0
1,2026-05-07 08:13:22.406,6601.68,100.0
1,2026-05-07 08:13:23.412,6601.68,100.0
1,2026-05-07 08:13:24.416,6601.68,100.0
1,2026-05-07 08:13:25.424,6601.68,100.0
1,2026-05-07 08:13:26.425,6601.68,100.0
1,2026-05-07 08:13:27.437,6601.68,100.0
1,2026-05-07 08:13:28.439,6601.68,100.0
1,2026-05-07 08:13:29.441,6601.68,100.0
1,2026-05-07 08:13:30.444,6601.68,100.0
1,2026-05-07 08:13:31.449,6601.68,100.0
1,2026-05-07 08:13:32.453,6601.68,100.0
1,2026-05-07 08:13:33.456,6601.68,100.0
1,2026-05-07 08:13:34.457,6601.68,100.0
1,2026-05-07 08:13:35.461,6601.68,100.0
1,2026-05-07 08:13:36.463,6601.68,100.0
1,2026-05-07 08:13:37.465,6601.68,100.0
1,2026-05-07 08:13:38.469,6601.68,100.0
1,2026-05-07 08:13:39.470,6601.68,100.0
1,2026-05-07 08:13:40.473,6601.68,100.0
1,2026-05-07 08:13:41.477,6601.68,100.0
1,2026-05-07 08:13:42.478,6601.68,100.0
1,2026-05-07 08:13:43.570,6601.68,100.0
1,2026-05-07 08:13:44.579,6601.68,100.0
1,2026-05-07 08:13:45.586,6601.68,100.0
1,2026-05-07 08:13:46.588,6601.68,100.0
1,2026-05-07 08:13:47.590,6601.68,100.0
1,2026-05-07 08:13:48.595,6601.68,100.0
1,2026-05-07 08:13:49.604,6601.68,100.0
1,2026-05-07 08:13:50.604,6601.68,100.0
1,2026-05-07 08:13:51.609,6601.68,100.0
1,2026-05-07 08:13:52.615,6601.68,100.0
1,2026-05-07 08:13:53.620,6601.68,100.0
1,2026-05-07 08:13:54.622,6601.68,100.0
1,2026-05-07 08:13:55.624,6601.68,100.0
1,2026-05-07 08:13:56.626,6601.68,100.0
1,2026-05-07 08:13:57.632,6601.68,100.0
1,2026-05-07 08:13:58.634,6601.68,100.0
1,2026-05-07 08:13:59.638,6601.68,100.0
1,2026-05-07 08:14:00.641,6601.68,100.0
1,2026-05-07 08:14:01.649,6601.68,100.0
1,2026-05-07 08:14:02.651,6601.68,100.0
1,2026-05-07 08:14:03.655,6601.68,100.0
1,2026-05-07 08:14:04.656,6601.68,100.0
1,2026-05-07 08:14:05.680,6601.68,100.0
1,2026-05-07 08:14:06.682,6601.68,100.0
1,2026-05-07 08:14:07.686,6601.68,100.0
1,2026-05-07 08:14:08.695,6601.68,100.0
1,2026-05-07 08:14:09.701,6601.68,100.0
1,2026-05-07 08:14:10.703,6601.68,100.0
1,2026-05-07 08:14:11.704,6601.68,100.0
1,2026-05-07 08:14:12.706,6601.68,100.0
1,2026-05-07 08:14:13.708,6601.68,100.0
1,2026-05-07 08:14:14.723,6601.68,100.0
1,2026-05-07 08:14:15.725,6601.68,100.0
1,2026-05-07 08:14:16.727,6601.68,100.0
1,2026-05-07 08:14:17.752,6601.68,100.0
1,2026-05-07 08:14:18.757,6601.68,100.0
1,2026-05-07 08:14:19.760,6601.68,100.0
1,2026-05-07 08:14:20.770,6601.68,100.0
1,2026-05-07 08:14:21.791,6601.68,100.0
1,2026-05-07 08:14:22.793,6601.68,100.0
1,2026-05-07 08:14:23.794,6601.68,100.0
1,2026-05-07 08:14:24.798,6601.68,100.0
1,2026-05-07 08:14:25.802,6601.68,100.0
1,2026-05-07 08:14:26.804,6601.68,100.0
1,2026-05-07 08:14:27.807,6601.68,100.0
1,2026-05-07 08:14:28.809,6601.68,100.0
1,2026-05-07 08:14:29.812,6601.68,100.0
1,2026-05-07 08:14:30.813,6601.68,100.0
1,2026-05-07 08:14:31.817,6601.68,100.0
1,2026-05-07 08:14:32.823,6601.68,100.0
1,2026-05-07 08:14:33.825,6601.68,100.0
1,2026-05-07 08:14:34.827,6601.68,100.0
1,2026-05-07 08:14:35.835,6601.68,100.0
1,2026-05-07 08:14:36.838,6601.68,100.0
1,2026-05-07 08:14:37.839,6601.68,100.0
1,2026-05-07 08:14:38.841,6601.68,100.0
1,2026-05-07 08:14:39.842,6601.68,100.0
