topo,seed_file,batch,n_switches,n_links,n_flows,energy_saving_percent,mip_gap,solve_time_sec,status
geant,seed_milpsnap_geant_k03.json,1,22,36,1,81.838,0.0,0.073,OPTIMAL
geant,seed_milpsnap_geant_k03.json,2,22,36,2,68.2179,0.0,0.021,OPTIMAL
geant,seed_milpsnap_geant_k03.json,3,22,36,2,77.3017,0.0,0.019,OPTIMAL
geant,seed_milpsnap_geant_k03.json,4,22,36,3,59.1341,9.12367136536641e-05,0.054,OPTIMAL
geant,seed_milpsnap_geant_k03.json,5,22,36,2,68.2179,0.0,0.025,OPTIMAL
geant,seed_milpsnap_geant_k03.json,6,22,36,1,77.2961,0.0,0.015,OPTIMAL
geant,seed_milpsnap_geant_k03.json,7,22,36,2,68.2123,0.0,0.025,OPTIMAL
geant,seed_milpsnap_geant_k03.json,8,22,36,3,63.6704,6.841934214796302e-05,0.027,OPTIMAL
geant,seed_milpsnap_geant_k03.json,9,22,36,2,72.7598,0.0,0.02,OPTIMAL
geant,seed_milpsnap_geant_k03.json,10,22,36,3,63.6704,0.0,0.025,OPTIMAL
geant,seed_milpsnap_geant_k03.json,11,22,36,2,72.7542,0.0,0.019,OPTIMAL
geant,seed_milpsnap_geant_k03.json,12,22,36,1,81.838,0.0,0.01,OPTIMAL
geant,seed_milpsnap_geant_k03.json,13,22,36,2,77.2961,0.0,0.017,OPTIMAL
geant,seed_milpsnap_geant_k03.json,14,22,36,2,68.2123,0.0,0.022,OPTIMAL
geant,seed_milpsnap_geant_k03.json,15,22,36,3,59.1285,0.0,0.031,OPTIMAL
geant,seed_milpsnap_geant_k03.json,16,22,36,4,50.0447,0.0,0.043,OPTIMAL
geant,seed_milpsnap_geant_k03.json,17,22,36,3,59.1285,0.0,0.029,OPTIMAL
geant,seed_milpsnap_geant_k03.json,18,22,36,2,72.7542,9.12304709773531e-05,0.022,OPTIMAL
geant,seed_milpsnap_geant_k03.json,19,22,36,1,86.3799,0.0,0.015,OPTIMAL
geant,seed_milpsnap_geant_k03.json,20,22,36,1,90.9218,0.0,0.008,OPTIMAL
geant,seed_milpsnap_geant_k03.json,21,22,36,2,86.3799,0.0,0.017,OPTIMAL
geant,seed_milpsnap_geant_k03.json,22,22,36,3,72.7598,0.0,0.025,OPTIMAL
geant,seed_milpsnap_geant_k03.json,23,22,36,2,72.7598,0.0,0.018,OPTIMAL
geant,seed_milpsnap_geant_k03.json,24,22,36,3,59.1341,0.0,0.024,OPTIMAL
geant,seed_milpsnap_geant_k03.json,25,22,36,2,72.7542,0.0,0.02,OPTIMAL
geant,seed_milpsnap_geant_k03.json,26,22,36,2,63.6704,6.841934214796302e-05,0.021,OPTIMAL
geant,seed_milpsnap_geant_k03.json,27,22,36,3,59.1285,0.0,0.035,OPTIMAL
geant,seed_milpsnap_geant_k03.json,28,22,36,2,68.2123,7.819525354803851e-05,0.025,OPTIMAL
geant,seed_milpsnap_geant_k03.json,29,22,36,3,63.6704,0.0,0.025,OPTIMAL
geant,seed_milpsnap_geant_k03.json,30,22,36,2,72.7598,0.0,0.015,OPTIMAL
geant,seed_milpsnap_geant_k03.json,31,22,36,3,63.6704,0.0,0.046,OPTIMAL
geant,seed_milpsnap_geant_k03.json,32,22,36,2,72.7542,0.0,0.025,OPTIMAL
geant,seed_milpsnap_geant_k03.json,33,22,36,1,77.2961,0.0,0.037,OPTIMAL
geant,seed_milpsnap_geant_k03.json,34,22,36,1,81.838,0.0,0.047,OPTIMAL
geant,seed_milpsnap_geant_k03.json,35,22,36,2,68.2123,0.0,0.103,OPTIMAL
geant,seed_milpsnap_geant_k03.json,36,22,36,1,77.2961,0.0,0.028,OPTIMAL
geant,seed_milpsnap_geant_k03.json,37,22,36,2,68.2179,0.0,0.02,OPTIMAL
geant,seed_milpsnap_geant_k03.json,38,22,36,3,59.1341,6.082447576899415e-05,0.033,OPTIMAL
geant,seed_milpsnap_geant_k03.json,39,22,36,3,68.2179,0.0,0.027,OPTIMAL
geant,seed_milpsnap_geant_k03.json,40,22,36,4,63.676,6.842987648401071e-05,0.033,OPTIMAL
geant,seed_milpsnap_geant_k03.json,41,22,36,5,59.1285,0.0,0.064,OPTIMAL
geant,seed_milpsnap_geant_k03.json,42,22,36,5,59.1285,6.081615277012044e-05,0.051,OPTIMAL
geant,seed_milpsnap_geant_k03.json,43,22,36,4,59.1285,6.081615277012044e-05,0.038,OPTIMAL
geant,seed_milpsnap_geant_k03.json,44,22,36,3,63.676,6.842987648420519e-05,0.028,OPTIMAL
geant,seed_milpsnap_geant_k03.json,45,22,36,2,77.2961,0.0,0.018,OPTIMAL
geant,seed_milpsnap_geant_k03.json,46,22,36,1,90.9218,0.0,0.007,OPTIMAL
geant,seed_milpsnap_geant_k03.json,47,22,36,1,77.2961,0.0,0.013,OPTIMAL
geant,seed_milpsnap_geant_k03.json,48,22,36,2,68.2123,0.0,0.022,OPTIMAL
geant,seed_milpsnap_geant_k03.json,49,22,36,3,63.6704,0.0,0.022,OPTIMAL
geant,seed_milpsnap_geant_k03.json,50,22,36,4,59.1285,0.0,0.03,OPTIMAL
geant,seed_milpsnap_geant_k03.json,51,22,36,3,68.2123,0.0,0.023,OPTIMAL
geant,seed_milpsnap_geant_k03.json,52,22,36,3,68.2179,0.0,0.028,OPTIMAL
geant,seed_milpsnap_geant_k03.json,53,22,36,2,72.7598,0.0,0.015,OPTIMAL
geant,seed_milpsnap_geant_k03.json,54,22,36,3,63.6704,6.841934214796302e-05,0.033,OPTIMAL
geant,seed_milpsnap_geant_k03.json,55,22,36,2,77.2961,0.0,0.019,OPTIMAL
geant,seed_milpsnap_geant_k03.json,56,22,36,2,59.1285,6.081615277012044e-05,0.018,OPTIMAL
geant,seed_milpsnap_geant_k03.json,57,22,36,3,59.1285,6.081615277012044e-05,0.031,OPTIMAL
geant,seed_milpsnap_geant_k03.json,58,22,36,2,63.6704,6.841934214796302e-05,0.019,OPTIMAL
geant,seed_milpsnap_geant_k03.json,59,22,36,3,54.5866,0.0,0.048,OPTIMAL
geant,seed_milpsnap_geant_k03.json,60,22,36,2,72.7542,0.0,0.022,OPTIMAL
geant,seed_milpsnap_geant_k03.json,61,22,36,4,50.0447,4.9757432516719724e-05,0.046,OPTIMAL
geant,seed_milpsnap_geant_k03.json,62,22,36,3,59.1285,0.0,0.027,OPTIMAL
geant,seed_milpsnap_geant_k03.json,63,22,36,2,72.7542,0.0,0.02,OPTIMAL
geant,seed_milpsnap_geant_k03.json,64,22,36,3,63.6704,0.0,0.022,OPTIMAL
geant,seed_milpsnap_geant_k03.json,65,22,36,4,54.5866,0.0,0.036,OPTIMAL
geant,seed_milpsnap_geant_k03.json,66,22,36,2,77.2961,0.0,0.016,OPTIMAL
geant,seed_milpsnap_geant_k03.json,67,22,36,4,54.5922,0.0,0.038,OPTIMAL
geant,seed_milpsnap_geant_k03.json,68,22,36,3,59.1341,0.0,0.02,OPTIMAL
geant,seed_milpsnap_geant_k03.json,69,22,36,4,54.5866,0.0,0.031,OPTIMAL
geant,seed_milpsnap_geant_k03.json,70,22,36,3,68.2123,0.0,0.025,OPTIMAL
geant,seed_milpsnap_geant_k03.json,71,22,36,4,59.1285,0.0,0.038,OPTIMAL
geant,seed_milpsnap_geant_k03.json,72,22,36,5,59.1285,0.0,0.064,OPTIMAL
geant,seed_milpsnap_geant_k03.json,73,22,36,3,72.7542,9.123047097748273e-05,0.036,OPTIMAL
geant,seed_milpsnap_geant_k03.json,74,22,36,4,68.2179,7.820901358885612e-05,0.063,OPTIMAL
geant,seed_milpsnap_geant_k03.json,75,22,36,6,54.5866,0.0,0.064,OPTIMAL
geant,seed_milpsnap_geant_k03.json,76,22,36,5,54.5866,0.0,0.052,OPTIMAL
geant,seed_milpsnap_geant_k03.json,77,22,36,4,63.6704,0.0,0.037,OPTIMAL
geant,seed_milpsnap_geant_k03.json,78,22,36,3,68.2123,0.0,0.03,OPTIMAL
geant,seed_milpsnap_geant_k03.json,79,22,36,2,72.7542,0.0,0.02,OPTIMAL
geant,seed_milpsnap_geant_k03.json,80,22,36,1,86.3799,0.0,0.012,OPTIMAL
geant,seed_milpsnap_geant_k03.json,81,22,36,2,63.676,0.0,0.019,OPTIMAL
geant,seed_milpsnap_geant_k03.json,82,22,36,3,54.5866,0.0,0.034,OPTIMAL
geant,seed_milpsnap_geant_k03.json,83,22,36,5,40.961,9.472886493760329e-05,0.065,OPTIMAL
geant,seed_milpsnap_geant_k03.json,84,22,36,6,40.961,9.472886493748363e-05,0.066,OPTIMAL
geant,seed_milpsnap_geant_k03.json,85,22,36,1,81.838,0.0,0.012,OPTIMAL
geant,seed_milpsnap_geant_k03.json,86,22,36,2,59.1341,0.0,0.022,OPTIMAL
geant,seed_milpsnap_geant_k03.json,87,22,36,3,50.0447,8.70755069040474e-05,0.039,OPTIMAL
geant,seed_milpsnap_geant_k03.json,88,22,36,4,50.0447,0.0,0.043,OPTIMAL
geant,seed_milpsnap_geant_k03.json,89,22,36,3,54.5866,0.0,0.024,OPTIMAL
geant,seed_milpsnap_geant_k03.json,90,22,36,4,50.0447,0.0,0.041,OPTIMAL
geant,seed_milpsnap_geant_k03.json,91,22,36,3,59.1285,6.081615277012044e-05,0.032,OPTIMAL
geant,seed_milpsnap_geant_k03.json,92,22,36,3,59.1341,0.0,0.024,OPTIMAL
geant,seed_milpsnap_geant_k03.json,93,22,36,4,50.0559,0.0,0.028,OPTIMAL
geant,seed_milpsnap_geant_k03.json,94,22,36,3,63.676,0.0,0.034,OPTIMAL
geant,seed_milpsnap_geant_k03.json,95,22,36,4,50.0559,0.0,0.053,OPTIMAL
geant,seed_milpsnap_geant_k03.json,96,22,36,3,63.6816,0.0,0.026,OPTIMAL
geant,seed_milpsnap_geant_k03.json,97,22,36,2,77.3017,0.0,0.017,OPTIMAL
geant,seed_milpsnap_geant_k03.json,98,22,36,1,86.3799,0.0,0.01,OPTIMAL
geant,seed_milpsnap_geant_k03.json,99,22,36,2,72.7598,0.0,0.02,OPTIMAL
geant,seed_milpsnap_geant_k03.json,100,22,36,1,86.3799,0.0,0.01,OPTIMAL
geant,seed_milpsnap_geant_k03.json,101,22,36,2,77.3017,0.0,0.016,OPTIMAL
geant,seed_milpsnap_geant_k03.json,102,22,36,2,77.3017,0.0,0.019,OPTIMAL
geant,seed_milpsnap_geant_k03.json,103,22,36,3,68.2179,0.0,0.028,OPTIMAL
geant,seed_milpsnap_geant_k03.json,104,22,36,4,54.5978,5.4747272901418805e-05,0.039,OPTIMAL
geant,seed_milpsnap_geant_k03.json,105,22,36,5,50.0503,0.0,0.095,OPTIMAL
geant,seed_milpsnap_geant_k03.json,106,22,36,5,45.5028,0.0,0.081,OPTIMAL
geant,seed_milpsnap_geant_k03.json,107,22,36,6,36.4191,8.796192226112781e-05,0.117,OPTIMAL
geant,seed_milpsnap_geant_k03.json,108,22,36,5,40.9665,9.473783934559114e-05,0.078,OPTIMAL
geant,seed_milpsnap_geant_k03.json,109,22,36,4,59.1285,0.0,0.031,OPTIMAL
geant,seed_milpsnap_geant_k03.json,110,22,36,3,63.6704,0.0,0.028,OPTIMAL
geant,seed_milpsnap_geant_k03.json,111,22,36,2,68.2179,7.820901358885612e-05,0.024,OPTIMAL
geant,seed_milpsnap_geant_k03.json,112,22,36,4,54.5866,0.0,0.047,OPTIMAL
geant,seed_milpsnap_geant_k03.json,113,22,36,5,50.0447,0.0,0.065,OPTIMAL
geant,seed_milpsnap_geant_k03.json,114,22,36,5,59.1285,0.0,0.039,OPTIMAL
geant,seed_milpsnap_geant_k03.json,115,22,36,4,59.1285,6.081615277012044e-05,0.07,OPTIMAL
geant,seed_milpsnap_geant_k03.json,116,22,36,5,54.5866,0.0,0.09,OPTIMAL
geant,seed_milpsnap_geant_k03.json,117,22,36,3,68.2123,0.0,0.039,OPTIMAL
geant,seed_milpsnap_geant_k03.json,118,22,36,2,72.7542,0.0,0.019,OPTIMAL
geant,seed_milpsnap_geant_k03.json,119,22,36,1,81.838,0.0,0.01,OPTIMAL
geant,seed_milpsnap_geant_k03.json,120,22,36,2,72.7542,0.0,0.025,OPTIMAL
geant,seed_milpsnap_geant_k03.json,121,22,36,3,68.2123,0.0,0.022,OPTIMAL
geant,seed_milpsnap_geant_k03.json,122,22,36,4,59.1285,0.0,0.031,OPTIMAL
geant,seed_milpsnap_geant_k03.json,123,22,36,3,63.6704,0.0,0.031,OPTIMAL
geant,seed_milpsnap_geant_k03.json,124,22,36,2,72.7542,0.0,0.057,OPTIMAL
geant,seed_milpsnap_geant_k03.json,125,22,36,4,54.5866,0.0,0.19,OPTIMAL
geant,seed_milpsnap_geant_k03.json,126,22,36,5,45.5084,0.0,0.143,OPTIMAL
geant,seed_milpsnap_geant_k03.json,127,22,36,4,50.0559,4.976857612099191e-05,0.045,OPTIMAL
geant,seed_milpsnap_geant_k03.json,128,22,36,3,59.1397,0.0,0.032,OPTIMAL
geant,seed_milpsnap_geant_k03.json,129,22,36,4,54.5978,0.0,0.034,OPTIMAL
geant,seed_milpsnap_geant_k03.json,130,22,36,3,63.6704,6.841934214796302e-05,0.027,OPTIMAL
geant,seed_milpsnap_geant_k03.json,131,22,36,2,68.2123,0.0,0.021,OPTIMAL
geant,seed_milpsnap_geant_k03.json,132,22,36,3,68.2123,0.0,0.023,OPTIMAL
geant,seed_milpsnap_geant_k03.json,133,22,36,5,45.5028,0.0,0.049,OPTIMAL
geant,seed_milpsnap_geant_k03.json,134,22,36,4,54.5922,5.474052988827953e-05,0.031,OPTIMAL
geant,seed_milpsnap_geant_k03.json,135,22,36,5,54.5922,5.474052988827953e-05,0.038,OPTIMAL
geant,seed_milpsnap_geant_k03.json,136,22,36,1,90.9218,0.0,0.006,OPTIMAL
geant,seed_milpsnap_geant_k03.json,137,22,36,2,81.8436,0.0,0.011,OPTIMAL
geant,seed_milpsnap_geant_k03.json,138,22,36,1,90.9218,0.0,0.007,OPTIMAL
geant,seed_milpsnap_geant_k03.json,139,22,36,3,59.1397,0.0,0.021,OPTIMAL
geant,seed_milpsnap_geant_k03.json,140,22,36,4,50.0559,4.976857612099191e-05,0.032,OPTIMAL
geant,seed_milpsnap_geant_k03.json,141,22,36,5,45.5084,4.5615235488741364e-05,0.063,OPTIMAL
geant,seed_milpsnap_geant_k03.json,142,22,36,6,40.961,9.472886493748365e-05,0.097,OPTIMAL
geant,seed_milpsnap_geant_k03.json,143,22,36,7,40.961,0.0,0.049,OPTIMAL
geant,seed_milpsnap_geant_k03.json,144,22,36,5,54.5866,0.0,0.053,OPTIMAL
geant,seed_milpsnap_geant_k03.json,145,22,36,4,54.5866,0.0,0.05,OPTIMAL
geant,seed_milpsnap_geant_k03.json,146,22,36,3,68.2123,0.0,0.024,OPTIMAL
geant,seed_milpsnap_geant_k03.json,147,22,36,1,86.3799,0.0,0.008,OPTIMAL
geant,seed_milpsnap_geant_k03.json,148,22,36,2,68.2179,0.0,0.015,OPTIMAL
geant,seed_milpsnap_geant_k03.json,149,22,36,1,81.838,0.0,0.008,OPTIMAL
geant,seed_milpsnap_geant_k03.json,150,22,36,2,68.2123,0.0,0.03,OPTIMAL
geant,seed_milpsnap_geant_k03.json,151,22,36,3,63.6704,0.0,0.046,OPTIMAL
geant,seed_milpsnap_geant_k03.json,152,22,36,3,63.6704,0.0,0.025,OPTIMAL
geant,seed_milpsnap_geant_k03.json,153,22,36,5,54.5866,0.0,0.046,OPTIMAL
geant,seed_milpsnap_geant_k03.json,154,22,36,6,54.5866,0.0,0.051,OPTIMAL
geant,seed_milpsnap_geant_k03.json,155,22,36,7,50.0447,0.0,0.106,OPTIMAL
geant,seed_milpsnap_geant_k03.json,156,22,36,6,63.6704,0.0,0.044,OPTIMAL
geant,seed_milpsnap_geant_k03.json,157,22,36,7,63.6704,0.0,0.056,OPTIMAL
geant,seed_milpsnap_geant_k03.json,158,22,36,8,59.1285,0.0,0.057,OPTIMAL
geant,seed_milpsnap_geant_k03.json,159,22,36,9,45.5028,0.0,0.128,OPTIMAL
geant,seed_milpsnap_geant_k03.json,160,22,36,9,45.5028,0.0,0.122,OPTIMAL
geant,seed_milpsnap_geant_k03.json,161,22,36,8,45.5028,0.0,0.112,OPTIMAL
geant,seed_milpsnap_geant_k03.json,162,22,36,6,45.514,4.561991765613679e-05,0.046,OPTIMAL
geant,seed_milpsnap_geant_k03.json,163,22,36,5,45.514,4.561991765626645e-05,0.041,OPTIMAL
geant,seed_milpsnap_geant_k03.json,164,22,36,5,54.5866,0.0,0.034,OPTIMAL
geant,seed_milpsnap_geant_k03.json,165,22,36,4,59.1341,0.0,0.036,OPTIMAL
geant,seed_milpsnap_geant_k03.json,166,22,36,5,54.5866,5.473378853611377e-05,0.048,OPTIMAL
geant,seed_milpsnap_geant_k03.json,167,22,36,4,54.5922,0.0,0.039,OPTIMAL
geant,seed_milpsnap_geant_k03.json,168,22,36,3,63.676,0.0,0.025,OPTIMAL
geant,seed_milpsnap_geant_k03.json,169,22,36,4,54.5922,8.211079483273045e-05,0.036,OPTIMAL
geant,seed_milpsnap_geant_k03.json,170,22,36,4,59.1285,9.12242291553535e-05,0.052,OPTIMAL
geant,seed_milpsnap_geant_k03.json,171,22,36,2,72.7542,0.0,0.019,OPTIMAL
geant,seed_milpsnap_geant_k03.json,172,22,36,3,63.6704,0.0,0.028,OPTIMAL
geant,seed_milpsnap_geant_k03.json,173,22,36,2,77.2961,0.0,0.02,OPTIMAL
geant,seed_milpsnap_geant_k03.json,174,22,36,3,68.2179,0.0,0.023,OPTIMAL
geant,seed_milpsnap_geant_k03.json,175,22,36,2,72.7598,0.0,0.016,OPTIMAL
geant,seed_milpsnap_geant_k03.json,176,22,36,2,77.3017,0.0,0.017,OPTIMAL
geant,seed_milpsnap_geant_k03.json,177,22,36,1,86.3799,0.0,0.01,OPTIMAL
geant,seed_milpsnap_geant_k03.json,178,22,36,2,81.838,0.0,0.018,OPTIMAL
geant,seed_milpsnap_geant_k03.json,179,22,36,1,81.838,0.0,0.011,OPTIMAL
geant,seed_milpsnap_geant_k03.json,180,22,36,3,68.2123,0.0,0.021,OPTIMAL
geant,seed_milpsnap_geant_k03.json,181,22,36,4,59.1285,0.0,0.032,OPTIMAL
geant,seed_milpsnap_geant_k03.json,182,22,36,3,68.2123,0.0,0.025,OPTIMAL
geant,seed_milpsnap_geant_k03.json,183,22,36,4,54.5866,5.473378853626933e-05,0.027,OPTIMAL
geant,seed_milpsnap_geant_k03.json,184,22,36,5,45.5084,0.0,0.044,OPTIMAL
geant,seed_milpsnap_geant_k03.json,185,22,36,3,59.1285,0.0,0.03,OPTIMAL
geant,seed_milpsnap_geant_k03.json,186,22,36,2,68.2123,7.819525354803851e-05,0.02,OPTIMAL
geant,seed_milpsnap_geant_k03.json,187,22,36,1,86.3799,0.0,0.013,OPTIMAL
geant,seed_milpsnap_geant_k03.json,188,22,36,1,77.2961,0.0,0.012,OPTIMAL
geant,seed_milpsnap_geant_k03.json,189,22,36,2,72.7542,9.123047097748273e-05,0.018,OPTIMAL
geant,seed_milpsnap_geant_k03.json,190,22,36,4,59.1285,0.0,0.03,OPTIMAL
geant,seed_milpsnap_geant_k03.json,191,22,36,5,50.0447,0.0,0.063,OPTIMAL
geant,seed_milpsnap_geant_k03.json,192,22,36,6,45.5084,0.0,0.077,OPTIMAL
geant,seed_milpsnap_geant_k03.json,193,22,36,5,54.5922,8.21107948324193e-05,0.043,OPTIMAL
geant,seed_milpsnap_geant_k03.json,194,22,36,4,54.5922,8.211079483257488e-05,0.037,OPTIMAL
geant,seed_milpsnap_geant_k03.json,195,22,36,2,72.7598,0.0,0.016,OPTIMAL
geant,seed_milpsnap_geant_k03.json,196,22,36,1,86.3799,0.0,0.015,OPTIMAL
geant,seed_milpsnap_geant_k03.json,197,22,36,2,77.3017,0.0,0.016,OPTIMAL
geant,seed_milpsnap_geant_k03.json,198,22,36,3,63.676,6.842987648401071e-05,0.024,OPTIMAL
geant,seed_milpsnap_geant_k03.json,199,22,36,4,63.676,0.0,0.028,OPTIMAL
geant,seed_milpsnap_geant_k03.json,200,22,36,5,54.5866,0.0,0.038,OPTIMAL
geant,seed_milpsnap_geant_k03.json,201,22,36,4,59.1285,0.0,0.041,OPTIMAL
geant,seed_milpsnap_geant_k03.json,202,22,36,5,59.1285,0.0,0.063,OPTIMAL
geant,seed_milpsnap_geant_k03.json,203,22,36,4,63.6704,0.0,0.03,OPTIMAL
geant,seed_milpsnap_geant_k03.json,204,22,36,5,54.5922,0.0,0.047,OPTIMAL
geant,seed_milpsnap_geant_k03.json,205,22,36,4,63.676,0.0,0.027,OPTIMAL
geant,seed_milpsnap_geant_k03.json,206,22,36,3,68.2179,0.0,0.022,OPTIMAL
geant,seed_milpsnap_geant_k03.json,207,22,36,4,50.0503,0.0,0.033,OPTIMAL
geant,seed_milpsnap_geant_k03.json,208,22,36,3,63.676,0.0,0.025,OPTIMAL
geant,seed_milpsnap_geant_k03.json,209,22,36,2,63.676,0.0,0.018,OPTIMAL
geant,seed_milpsnap_geant_k03.json,210,22,36,3,59.1341,0.0,0.029,OPTIMAL
geant,seed_milpsnap_geant_k03.json,211,22,36,2,68.2123,0.0,0.013,OPTIMAL
geant,seed_milpsnap_geant_k03.json,212,22,36,3,68.2123,0.0,0.024,OPTIMAL
geant,seed_milpsnap_geant_k03.json,213,22,36,2,72.7598,0.0,0.016,OPTIMAL
geant,seed_milpsnap_geant_k03.json,214,22,36,1,90.9218,0.0,0.006,OPTIMAL
geant,seed_milpsnap_geant_k03.json,215,22,36,2,72.7598,0.0,0.017,OPTIMAL
geant,seed_milpsnap_geant_k03.json,216,22,36,1,81.838,0.0,0.011,OPTIMAL
geant,seed_milpsnap_geant_k03.json,217,22,36,2,81.838,0.0,0.015,OPTIMAL
geant,seed_milpsnap_geant_k03.json,218,22,36,2,77.2961,0.0,0.018,OPTIMAL
geant,seed_milpsnap_geant_k03.json,219,22,36,5,54.5866,0.0,0.042,OPTIMAL
geant,seed_milpsnap_geant_k03.json,220,22,36,4,54.5866,5.473378853611377e-05,0.054,OPTIMAL
geant,seed_milpsnap_geant_k03.json,221,22,36,5,50.0447,8.707550690376457e-05,0.043,OPTIMAL
geant,seed_milpsnap_geant_k03.json,222,22,36,4,59.1285,0.0,0.027,OPTIMAL
geant,seed_milpsnap_geant_k03.json,223,22,36,2,68.2123,0.0,0.019,OPTIMAL
geant,seed_milpsnap_geant_k03.json,224,22,36,1,77.2961,0.0,0.009,OPTIMAL
geant,seed_milpsnap_geant_k03.json,225,22,36,3,68.2123,0.0,0.021,OPTIMAL
geant,seed_milpsnap_geant_k03.json,226,22,36,2,72.7598,0.0,0.019,OPTIMAL
geant,seed_milpsnap_geant_k03.json,227,22,36,3,68.2123,0.0,0.021,OPTIMAL
geant,seed_milpsnap_geant_k03.json,228,22,36,1,77.2961,0.0,0.009,OPTIMAL
geant,seed_milpsnap_geant_k03.json,229,22,36,2,72.7542,0.0,0.017,OPTIMAL
geant,seed_milpsnap_geant_k03.json,230,22,36,1,86.3799,0.0,0.012,OPTIMAL
geant,seed_milpsnap_geant_k03.json,231,22,36,2,77.3017,0.0,0.016,OPTIMAL
geant,seed_milpsnap_geant_k03.json,232,22,36,1,81.838,0.0,0.01,OPTIMAL
geant,seed_milpsnap_geant_k03.json,233,22,36,2,72.7542,9.123047097748273e-05,0.018,OPTIMAL
geant,seed_milpsnap_geant_k03.json,234,22,36,3,59.1285,6.081615277012044e-05,0.03,OPTIMAL
geant,seed_milpsnap_geant_k03.json,235,22,36,2,68.2123,0.0,0.016,OPTIMAL
geant,seed_milpsnap_geant_k03.json,236,22,36,2,63.6704,6.841934214796302e-05,0.019,OPTIMAL
geant,seed_milpsnap_geant_k03.json,237,22,36,3,59.1285,6.081615277012044e-05,0.032,OPTIMAL
geant,seed_milpsnap_geant_k03.json,238,22,36,4,54.5866,0.0,0.038,OPTIMAL
geant,seed_milpsnap_geant_k03.json,239,22,36,6,40.961,9.472886493748363e-05,0.069,OPTIMAL
geant,seed_milpsnap_geant_k03.json,240,22,36,5,45.5084,0.0,0.053,OPTIMAL
geant,seed_milpsnap_geant_k03.json,241,22,36,7,40.9665,0.0,0.055,OPTIMAL
geant,seed_milpsnap_geant_k03.json,242,22,36,6,40.9665,9.473783934571083e-05,0.051,OPTIMAL
geant,seed_milpsnap_geant_k03.json,243,22,36,5,50.0447,0.0,0.039,OPTIMAL
geant,seed_milpsnap_geant_k03.json,244,22,36,4,59.1285,0.0,0.033,OPTIMAL
geant,seed_milpsnap_geant_k03.json,245,22,36,2,68.2123,0.0,0.016,OPTIMAL
geant,seed_milpsnap_geant_k03.json,246,22,36,3,54.5922,0.0,0.029,OPTIMAL
geant,seed_milpsnap_geant_k03.json,247,22,36,1,86.3799,0.0,0.014,OPTIMAL
geant,seed_milpsnap_geant_k03.json,248,22,36,2,72.7542,0.0,0.015,OPTIMAL
geant,seed_milpsnap_geant_k03.json,249,22,36,3,63.676,6.842987648420519e-05,0.023,OPTIMAL
geant,seed_milpsnap_geant_k03.json,250,22,36,4,54.5922,0.0,0.046,OPTIMAL
geant,seed_milpsnap_geant_k03.json,251,22,36,3,63.676,0.0,0.022,OPTIMAL
geant,seed_milpsnap_geant_k03.json,252,22,36,4,54.5922,0.0,0.033,OPTIMAL
geant,seed_milpsnap_geant_k03.json,253,22,36,3,63.676,0.0,0.03,OPTIMAL
geant,seed_milpsnap_geant_k03.json,254,22,36,3,59.1341,6.082447576899415e-05,0.029,OPTIMAL
geant,seed_milpsnap_geant_k03.json,255,22,36,2,72.7542,9.123047097748273e-05,0.021,OPTIMAL
geant,seed_milpsnap_geant_k03.json,256,22,36,3,63.6704,0.0,0.029,OPTIMAL
geant,seed_milpsnap_geant_k03.json,257,22,36,4,54.5866,0.0,0.038,OPTIMAL
geant,seed_milpsnap_geant_k03.json,258,22,36,5,54.5866,0.0,0.044,OPTIMAL
geant,seed_milpsnap_geant_k03.json,259,22,36,4,54.5866,0.0,0.036,OPTIMAL
geant,seed_milpsnap_geant_k03.json,260,22,36,5,54.5866,5.473378853611377e-05,0.044,OPTIMAL
geant,seed_milpsnap_geant_k03.json,261,22,36,4,59.1285,6.081615277012044e-05,0.034,OPTIMAL
geant,seed_milpsnap_geant_k03.json,262,22,36,5,45.5028,0.0,0.047,OPTIMAL
geant,seed_milpsnap_geant_k03.json,263,22,36,6,45.5028,0.0,0.053,OPTIMAL
geant,seed_milpsnap_geant_k03.json,264,22,36,5,45.5028,0.0,0.045,OPTIMAL
geant,seed_milpsnap_geant_k03.json,265,22,36,4,45.514,0.0,0.035,OPTIMAL
geant,seed_milpsnap_geant_k03.json,266,22,36,3,59.1341,0.0,0.027,OPTIMAL
geant,seed_milpsnap_geant_k03.json,267,22,36,2,63.676,0.0,0.017,OPTIMAL
geant,seed_milpsnap_geant_k03.json,268,22,36,3,54.5866,8.210068280409288e-05,0.027,OPTIMAL
geant,seed_milpsnap_geant_k03.json,269,22,36,2,68.2123,0.0,0.022,OPTIMAL
geant,seed_milpsnap_geant_k03.json,270,22,36,1,77.2961,0.0,0.009,OPTIMAL
geant,seed_milpsnap_geant_k03.json,271,22,36,2,68.2123,0.0,0.016,OPTIMAL
geant,seed_milpsnap_geant_k03.json,272,22,36,3,54.5922,5.474052988827953e-05,0.064,OPTIMAL
geant,seed_milpsnap_geant_k03.json,273,22,36,4,54.5866,0.0,0.037,OPTIMAL
geant,seed_milpsnap_geant_k03.json,274,22,36,5,50.0447,0.0,0.063,OPTIMAL
geant,seed_milpsnap_geant_k03.json,275,22,36,4,54.5922,0.0,0.047,OPTIMAL
geant,seed_milpsnap_geant_k03.json,276,22,36,5,54.5922,0.0,0.046,OPTIMAL
geant,seed_milpsnap_geant_k03.json,277,22,36,4,63.676,0.0,0.032,OPTIMAL
geant,seed_milpsnap_geant_k03.json,278,22,36,3,68.2179,0.0,0.024,OPTIMAL
geant,seed_milpsnap_geant_k03.json,279,22,36,2,81.838,0.0,0.02,OPTIMAL
geant,seed_milpsnap_geant_k03.json,280,22,36,1,81.838,0.0,0.008,OPTIMAL
geant,seed_milpsnap_geant_k03.json,281,22,36,2,72.7542,0.0,0.019,OPTIMAL
geant,seed_milpsnap_geant_k03.json,282,22,36,1,86.3799,0.0,0.013,OPTIMAL
geant,seed_milpsnap_geant_k03.json,283,22,36,2,72.7542,0.0,0.017,OPTIMAL
geant,seed_milpsnap_geant_k03.json,284,22,36,1,81.838,0.0,0.009,OPTIMAL
geant,seed_milpsnap_geant_k03.json,285,22,36,2,72.7598,0.0,0.025,OPTIMAL
geant,seed_milpsnap_geant_k03.json,286,22,36,1,86.3799,0.0,0.01,OPTIMAL
geant,seed_milpsnap_geant_k03.json,287,22,36,2,72.7542,0.0,0.018,OPTIMAL
geant,seed_milpsnap_geant_k03.json,288,22,36,3,68.2123,0.0,0.033,OPTIMAL
geant,seed_milpsnap_geant_k03.json,289,22,36,2,77.2961,0.0,0.021,OPTIMAL
geant,seed_milpsnap_geant_k03.json,290,22,36,2,68.2179,7.820901358896725e-05,0.022,OPTIMAL
geant,seed_milpsnap_geant_k03.json,291,22,36,1,86.3799,0.0,0.01,OPTIMAL
geant,seed_milpsnap_geant_k03.json,292,22,36,2,77.2961,0.0,0.024,OPTIMAL
geant,seed_milpsnap_geant_k03.json,293,22,36,1,81.838,0.0,0.008,OPTIMAL
geant,seed_milpsnap_geant_k03.json,294,22,36,3,68.2123,0.0,0.026,OPTIMAL
geant,seed_milpsnap_geant_k03.json,295,22,36,4,63.6704,0.0,0.041,OPTIMAL
geant,seed_milpsnap_geant_k03.json,296,22,36,3,68.2179,0.0,0.028,OPTIMAL
geant,seed_milpsnap_geant_k03.json,297,22,36,1,90.9218,0.0,0.008,OPTIMAL
geant,seed_milpsnap_geant_k03.json,298,22,36,1,86.3799,0.0,0.011,OPTIMAL
geant,seed_milpsnap_geant_k03.json,299,22,36,3,63.6704,0.0,0.031,OPTIMAL
geant,seed_milpsnap_geant_k03.json,300,22,36,6,45.5028,0.0,0.043,OPTIMAL
geant,seed_milpsnap_geant_k03.json,301,22,36,5,45.5084,4.5615235488741364e-05,0.066,OPTIMAL
geant,seed_milpsnap_geant_k03.json,302,22,36,3,63.6704,0.0,0.023,OPTIMAL
geant,seed_milpsnap_geant_k03.json,303,22,36,4,59.1285,9.122422915535351e-05,0.035,OPTIMAL
geant,seed_milpsnap_geant_k03.json,304,22,36,1,86.3799,0.0,0.013,OPTIMAL
geant,seed_milpsnap_geant_k03.json,305,22,36,2,77.2961,0.0,0.016,OPTIMAL
geant,seed_milpsnap_geant_k03.json,306,22,36,3,68.2123,0.0,0.028,OPTIMAL
geant,seed_milpsnap_geant_k03.json,307,22,36,4,59.1285,0.0,0.038,OPTIMAL
geant,seed_milpsnap_geant_k03.json,308,22,36,3,63.6704,0.0,0.024,OPTIMAL
geant,seed_milpsnap_geant_k03.json,309,22,36,2,77.2961,0.0,0.016,OPTIMAL
geant,seed_milpsnap_geant_k03.json,310,22,36,1,81.838,0.0,0.009,OPTIMAL
geant,seed_milpsnap_geant_k03.json,311,22,36,1,90.9218,0.0,0.011,OPTIMAL
geant,seed_milpsnap_geant_k03.json,312,22,36,2,77.2961,0.0,0.019,OPTIMAL
geant,seed_milpsnap_geant_k03.json,313,22,36,3,68.2179,7.820901358885612e-05,0.025,OPTIMAL
geant,seed_milpsnap_geant_k03.json,314,22,36,4,63.676,6.842987648420519e-05,0.033,OPTIMAL
geant,seed_milpsnap_geant_k03.json,315,22,36,6,50.0503,4.97630036949992e-05,0.05,OPTIMAL
geant,seed_milpsnap_geant_k03.json,316,22,36,5,50.0503,4.97630036949992e-05,0.042,OPTIMAL
geant,seed_milpsnap_geant_k03.json,317,22,36,4,63.676,6.842987648420519e-05,0.033,OPTIMAL
geant,seed_milpsnap_geant_k03.json,318,22,36,4,59.1285,0.0,0.043,OPTIMAL
geant,seed_milpsnap_geant_k03.json,319,22,36,5,59.1285,0.0,0.058,OPTIMAL
geant,seed_milpsnap_geant_k03.json,320,22,36,6,59.1285,6.0816152770293284e-05,0.068,OPTIMAL
geant,seed_milpsnap_geant_k03.json,321,22,36,5,63.6704,0.0,0.034,OPTIMAL
geant,seed_milpsnap_geant_k03.json,322,22,36,3,63.6704,0.0,0.029,OPTIMAL
geant,seed_milpsnap_geant_k03.json,323,22,36,4,50.0447,0.0,0.039,OPTIMAL
geant,seed_milpsnap_geant_k03.json,324,22,36,5,45.5028,4.561055428234906e-05,0.05,OPTIMAL
geant,seed_milpsnap_geant_k03.json,325,22,36,6,40.961,9.472886493772296e-05,0.054,OPTIMAL
geant,seed_milpsnap_geant_k03.json,326,22,36,7,31.8772,8.209731268122356e-05,0.07,OPTIMAL
geant,seed_milpsnap_geant_k03.json,327,22,36,6,45.5028,9.122110856443886e-05,0.057,OPTIMAL
geant,seed_milpsnap_geant_k03.json,328,22,36,6,50.0447,8.707550690376457e-05,0.058,OPTIMAL
geant,seed_milpsnap_geant_k03.json,329,22,36,5,54.5866,8.210068280409288e-05,0.048,OPTIMAL
geant,seed_milpsnap_geant_k03.json,330,22,36,6,50.0447,0.0,0.059,OPTIMAL
geant,seed_milpsnap_geant_k03.json,331,22,36,6,54.5866,0.0,0.045,OPTIMAL
geant,seed_milpsnap_geant_k03.json,332,22,36,1,77.2961,0.0,0.009,OPTIMAL
geant,seed_milpsnap_geant_k03.json,333,22,36,2,72.7542,0.0,0.02,OPTIMAL
geant,seed_milpsnap_geant_k03.json,334,22,36,3,63.6704,0.0,0.022,OPTIMAL
geant,seed_milpsnap_geant_k03.json,335,22,36,4,54.5922,0.0,0.056,OPTIMAL
geant,seed_milpsnap_geant_k03.json,336,22,36,5,45.5084,0.0,0.037,OPTIMAL
geant,seed_milpsnap_geant_k03.json,337,22,36,6,40.9665,9.473783934595015e-05,0.057,OPTIMAL
geant,seed_milpsnap_geant_k03.json,338,22,36,7,36.4246,8.796966024176555e-05,0.064,OPTIMAL
geant,seed_milpsnap_geant_k03.json,339,22,36,6,36.4246,8.796966024176555e-05,0.057,OPTIMAL
geant,seed_milpsnap_geant_k03.json,340,22,36,7,36.4246,8.796966024165444e-05,0.084,OPTIMAL
geant,seed_milpsnap_geant_k03.json,341,22,36,6,36.4246,8.796966024176555e-05,0.078,OPTIMAL
geant,seed_milpsnap_geant_k03.json,342,22,36,6,45.514,6.842987648414036e-05,0.073,OPTIMAL
geant,seed_milpsnap_geant_k03.json,343,22,36,5,54.5922,4.105539741620965e-05,0.065,OPTIMAL
geant,seed_milpsnap_geant_k03.json,344,22,36,4,59.1341,6.082447576916701e-05,0.038,OPTIMAL
geant,seed_milpsnap_geant_k03.json,345,22,36,4,63.6704,0.0,0.031,OPTIMAL
geant,seed_milpsnap_geant_k03.json,346,22,36,5,59.1285,0.0,0.036,OPTIMAL
geant,seed_milpsnap_geant_k03.json,347,22,36,4,63.6704,6.841934214796302e-05,0.036,OPTIMAL
geant,seed_milpsnap_geant_k03.json,348,22,36,5,59.1285,0.0,0.039,OPTIMAL
geant,seed_milpsnap_geant_k03.json,349,22,36,5,50.0447,0.0,0.044,OPTIMAL
geant,seed_milpsnap_geant_k03.json,350,22,36,4,59.1285,0.0,0.027,OPTIMAL
geant,seed_milpsnap_geant_k03.json,351,22,36,3,59.1285,6.0816152770293284e-05,0.036,OPTIMAL
geant,seed_milpsnap_geant_k03.json,352,22,36,2,63.6704,6.841934214776857e-05,0.025,OPTIMAL
geant,seed_milpsnap_geant_k03.json,353,22,36,1,81.838,0.0,0.01,OPTIMAL
geant,seed_milpsnap_geant_k03.json,354,22,36,1,86.3799,0.0,0.011,OPTIMAL
geant,seed_milpsnap_geant_k03.json,355,22,36,2,72.7598,0.0,0.017,OPTIMAL
geant,seed_milpsnap_geant_k03.json,356,22,36,3,68.2123,0.0,0.033,OPTIMAL
geant,seed_milpsnap_geant_k03.json,357,22,36,3,68.2179,0.0,0.025,OPTIMAL
geant,seed_milpsnap_geant_k03.json,358,22,36,2,72.7598,0.0,0.015,OPTIMAL
geant,seed_milpsnap_geant_k03.json,359,22,36,3,68.2179,0.0,0.026,OPTIMAL
geant,seed_milpsnap_geant_k03.json,360,22,36,4,63.6704,0.0,0.03,OPTIMAL
geant,seed_milpsnap_geant_k03.json,361,22,36,3,72.7542,0.0,0.026,OPTIMAL
geant,seed_milpsnap_geant_k03.json,362,22,36,2,77.2961,0.0,0.021,OPTIMAL
geant,seed_milpsnap_geant_k03.json,363,22,36,3,72.7542,0.0,0.022,OPTIMAL
geant,seed_milpsnap_geant_k03.json,364,22,36,3,68.2179,0.0,0.029,OPTIMAL
geant,seed_milpsnap_geant_k03.json,365,22,36,3,72.7542,0.0,0.021,OPTIMAL
geant,seed_milpsnap_geant_k03.json,366,22,36,4,63.6704,0.0,0.029,OPTIMAL
geant,seed_milpsnap_geant_k03.json,367,22,36,3,68.2123,0.0,0.03,OPTIMAL
geant,seed_milpsnap_geant_k03.json,368,22,36,2,77.2961,0.0,0.017,OPTIMAL
geant,seed_milpsnap_geant_k03.json,369,22,36,4,59.1285,0.0,0.042,OPTIMAL
geant,seed_milpsnap_geant_k03.json,370,22,36,3,59.1341,0.0,0.034,OPTIMAL
geant,seed_milpsnap_geant_k03.json,371,22,36,4,54.5866,0.0,0.066,OPTIMAL
geant,seed_milpsnap_geant_k03.json,372,22,36,5,54.5866,5.473378853611377e-05,0.046,OPTIMAL
geant,seed_milpsnap_geant_k03.json,373,22,36,4,59.1341,6.082447576899415e-05,0.033,OPTIMAL
geant,seed_milpsnap_geant_k03.json,374,22,36,2,77.2961,0.0,0.014,OPTIMAL
geant,seed_milpsnap_geant_k03.json,375,22,36,3,68.2123,0.0,0.024,OPTIMAL
geant,seed_milpsnap_geant_k03.json,376,22,36,2,77.3017,0.0,0.016,OPTIMAL
geant,seed_milpsnap_geant_k03.json,377,22,36,3,63.6704,0.0,0.03,OPTIMAL
geant,seed_milpsnap_geant_k03.json,378,22,36,2,68.2179,0.0,0.018,OPTIMAL
geant,seed_milpsnap_geant_k03.json,379,22,36,3,68.2179,0.0,0.024,OPTIMAL
geant,seed_milpsnap_geant_k03.json,380,22,36,4,50.0559,0.0,0.03,OPTIMAL
geant,seed_milpsnap_geant_k03.json,381,22,36,4,54.5978,0.0,0.032,OPTIMAL
geant,seed_milpsnap_geant_k03.json,382,22,36,5,50.0503,0.0,0.042,OPTIMAL
geant,seed_milpsnap_geant_k03.json,383,22,36,6,36.4246,8.796966024165444e-05,0.083,OPTIMAL
geant,seed_milpsnap_geant_k03.json,384,22,36,5,45.5084,0.0,0.036,OPTIMAL
geant,seed_milpsnap_geant_k03.json,385,22,36,6,40.9665,0.0,0.065,OPTIMAL
geant,seed_milpsnap_geant_k03.json,386,22,36,7,31.8828,8.21040532033518e-05,0.103,OPTIMAL
geant,seed_milpsnap_geant_k03.json,387,22,36,9,31.8772,9.121923631267801e-05,0.181,OPTIMAL
geant,seed_milpsnap_geant_k03.json,388,22,36,8,31.8772,8.209731268143096e-05,0.139,OPTIMAL
geant,seed_milpsnap_geant_k03.json,389,22,36,7,40.961,9.472886493760329e-05,0.08,OPTIMAL
geant,seed_milpsnap_geant_k03.json,390,22,36,7,36.4191,8.796192226123892e-05,0.179,OPTIMAL
geant,seed_milpsnap_geant_k03.json,391,22,36,6,40.961,9.472886493796225e-05,0.066,OPTIMAL
geant,seed_milpsnap_geant_k03.json,392,22,36,5,50.0447,0.0,0.046,OPTIMAL
geant,seed_milpsnap_geant_k03.json,393,22,36,5,50.0447,0.0,0.043,OPTIMAL
geant,seed_milpsnap_geant_k03.json,394,22,36,1,81.838,0.0,0.01,OPTIMAL
geant,seed_milpsnap_geant_k03.json,395,22,36,1,90.9218,0.0,0.011,OPTIMAL
geant,seed_milpsnap_geant_k03.json,396,22,36,2,81.8436,0.0,0.013,OPTIMAL
geant,seed_milpsnap_geant_k03.json,397,22,36,3,72.7654,0.0,0.018,OPTIMAL
geant,seed_milpsnap_geant_k03.json,398,22,36,4,54.6034,0.0,0.031,OPTIMAL
geant,seed_milpsnap_geant_k03.json,399,22,36,5,50.0503,0.0,0.043,OPTIMAL
geant,seed_milpsnap_geant_k03.json,400,22,36,6,40.9665,9.473783934559116e-05,0.047,OPTIMAL
geant,seed_milpsnap_geant_k03.json,401,22,36,6,36.4302,8.797739958360476e-05,0.054,OPTIMAL
geant,seed_milpsnap_geant_k03.json,402,22,36,5,45.5028,0.0,0.036,OPTIMAL
geant,seed_milpsnap_geant_k03.json,403,22,36,4,45.5028,0.0,0.032,OPTIMAL
geant,seed_milpsnap_geant_k03.json,404,22,36,3,54.5866,0.0,0.024,OPTIMAL
geant,seed_milpsnap_geant_k03.json,405,22,36,2,68.2179,0.0,0.016,OPTIMAL
geant,seed_milpsnap_geant_k03.json,406,22,36,3,54.5922,0.0,0.026,OPTIMAL
geant,seed_milpsnap_geant_k03.json,407,22,36,2,68.2123,0.0,0.016,OPTIMAL
geant,seed_milpsnap_geant_k03.json,408,22,36,1,81.838,0.0,0.008,OPTIMAL
geant,seed_milpsnap_geant_k03.json,409,22,36,1,77.2961,0.0,0.01,OPTIMAL
geant,seed_milpsnap_geant_k03.json,410,22,36,2,68.2123,0.0,0.017,OPTIMAL
geant,seed_milpsnap_geant_k03.json,411,22,36,3,63.6704,0.0,0.03,OPTIMAL
geant,seed_milpsnap_geant_k03.json,412,22,36,4,63.6704,0.0,0.026,OPTIMAL
geant,seed_milpsnap_geant_k03.json,413,22,36,6,50.0447,0.0,0.069,OPTIMAL
geant,seed_milpsnap_geant_k03.json,414,22,36,7,45.5028,0.0,0.094,OPTIMAL
geant,seed_milpsnap_geant_k03.json,415,22,36,6,50.0447,0.0,0.063,OPTIMAL
geant,seed_milpsnap_geant_k03.json,416,22,36,6,50.0447,0.0,0.078,OPTIMAL
geant,seed_milpsnap_geant_k03.json,417,22,36,5,50.0447,0.0,0.074,OPTIMAL
geant,seed_milpsnap_geant_k03.json,418,22,36,4,50.0447,0.0,0.072,OPTIMAL
geant,seed_milpsnap_geant_k03.json,419,22,36,3,63.6704,0.0,0.031,OPTIMAL
geant,seed_milpsnap_geant_k03.json,420,22,36,2,81.838,0.0,0.016,OPTIMAL
geant,seed_milpsnap_geant_k03.json,421,22,36,3,68.2179,0.0,0.029,OPTIMAL
geant,seed_milpsnap_geant_k03.json,422,22,36,2,77.3017,0.0,0.019,OPTIMAL
geant,seed_milpsnap_geant_k03.json,423,22,36,3,72.7598,0.0,0.023,OPTIMAL
geant,seed_milpsnap_geant_k03.json,424,22,36,2,81.838,0.0,0.016,OPTIMAL
geant,seed_milpsnap_geant_k03.json,425,22,36,1,86.3799,0.0,0.013,OPTIMAL
geant,seed_milpsnap_geant_k03.json,426,22,36,2,68.2179,0.0,0.014,OPTIMAL
geant,seed_milpsnap_geant_k03.json,427,22,36,1,81.838,0.0,0.007,OPTIMAL
geant,seed_milpsnap_geant_k03.json,428,22,36,2,72.7542,0.0,0.022,OPTIMAL
geant,seed_milpsnap_geant_k03.json,429,22,36,3,63.6704,0.0,0.027,OPTIMAL
geant,seed_milpsnap_geant_k03.json,430,22,36,5,59.1285,0.0,0.042,OPTIMAL
geant,seed_milpsnap_geant_k03.json,431,22,36,6,54.5866,0.0,0.055,OPTIMAL
geant,seed_milpsnap_geant_k03.json,432,22,36,1,86.3799,0.0,0.011,OPTIMAL
geant,seed_milpsnap_geant_k03.json,433,22,36,2,77.2961,0.0,0.015,OPTIMAL
geant,seed_milpsnap_geant_k03.json,434,22,36,3,63.6704,0.0,0.025,OPTIMAL
geant,seed_milpsnap_geant_k03.json,435,22,36,2,72.7542,0.0,0.016,OPTIMAL
geant,seed_milpsnap_geant_k03.json,436,22,36,1,81.838,0.0,0.009,OPTIMAL
geant,seed_milpsnap_geant_k03.json,437,22,36,2,77.2961,0.0,0.013,OPTIMAL
geant,seed_milpsnap_geant_k03.json,438,22,36,3,68.2123,0.0,0.038,OPTIMAL
geant,seed_milpsnap_geant_k03.json,439,22,36,2,77.2961,0.0,0.036,OPTIMAL
geant,seed_milpsnap_geant_k03.json,440,22,36,3,63.6704,0.0,0.029,OPTIMAL
geant,seed_milpsnap_geant_k03.json,441,22,36,4,54.5866,0.0,0.04,OPTIMAL
geant,seed_milpsnap_geant_k03.json,442,22,36,5,54.5866,5.4733788535958215e-05,0.041,OPTIMAL
geant,seed_milpsnap_geant_k03.json,443,22,36,5,50.0447,7.463614877465535e-05,0.05,OPTIMAL
geant,seed_milpsnap_geant_k03.json,444,22,36,5,54.5866,0.0,0.057,OPTIMAL
geant,seed_milpsnap_geant_k03.json,445,22,36,6,54.5866,5.473378853611377e-05,0.052,OPTIMAL
geant,seed_milpsnap_geant_k03.json,446,22,36,7,50.0447,0.0,0.069,OPTIMAL
geant,seed_milpsnap_geant_k03.json,447,22,36,8,50.0447,4.9757432516719724e-05,0.061,OPTIMAL
geant,seed_milpsnap_geant_k03.json,448,22,36,10,36.4191,8.796192226112781e-05,0.283,OPTIMAL
geant,seed_milpsnap_geant_k03.json,449,22,36,9,36.4191,8.796192226123892e-05,0.259,OPTIMAL
geant,seed_milpsnap_geant_k03.json,450,22,36,9,31.8772,8.209731268143096e-05,0.119,OPTIMAL
geant,seed_milpsnap_geant_k03.json,451,22,36,8,40.961,9.472886493760332e-05,0.091,OPTIMAL
geant,seed_milpsnap_geant_k03.json,452,22,36,7,45.5028,0.0,0.073,OPTIMAL
geant,seed_milpsnap_geant_k03.json,453,22,36,7,40.961,9.472886493784261e-05,0.067,OPTIMAL
geant,seed_milpsnap_geant_k03.json,454,22,36,7,45.5028,0.0,0.056,OPTIMAL
geant,seed_milpsnap_geant_k03.json,455,22,36,8,40.961,9.472886493760332e-05,0.061,OPTIMAL
geant,seed_milpsnap_geant_k03.json,456,22,36,7,40.961,9.472886493772296e-05,0.052,OPTIMAL
geant,seed_milpsnap_geant_k03.json,457,22,36,6,45.5028,0.0,0.053,OPTIMAL
geant,seed_milpsnap_geant_k03.json,458,22,36,4,50.0503,0.0,0.043,OPTIMAL
geant,seed_milpsnap_geant_k03.json,459,22,36,3,63.6704,0.0,0.03,OPTIMAL
geant,seed_milpsnap_geant_k03.json,460,22,36,3,59.1341,6.082447576916701e-05,0.026,OPTIMAL
geant,seed_milpsnap_geant_k03.json,461,22,36,3,63.6704,0.0,0.024,OPTIMAL
geant,seed_milpsnap_geant_k03.json,462,22,36,2,77.3017,0.0,0.016,OPTIMAL
geant,seed_milpsnap_geant_k03.json,463,22,36,3,63.6704,0.0,0.024,OPTIMAL
geant,seed_milpsnap_geant_k03.json,464,22,36,4,59.1285,0.0,0.038,OPTIMAL
geant,seed_milpsnap_geant_k03.json,465,22,36,3,63.6704,0.0,0.031,OPTIMAL
geant,seed_milpsnap_geant_k03.json,466,22,36,2,68.2123,0.0,0.02,OPTIMAL
geant,seed_milpsnap_geant_k03.json,467,22,36,4,59.1285,0.0,0.03,OPTIMAL
geant,seed_milpsnap_geant_k03.json,468,22,36,5,50.0447,0.0,0.036,OPTIMAL
geant,seed_milpsnap_geant_k03.json,469,22,36,7,40.961,9.472886493796225e-05,0.054,OPTIMAL
geant,seed_milpsnap_geant_k03.json,470,22,36,6,50.0447,0.0,0.052,OPTIMAL
geant,seed_milpsnap_geant_k03.json,471,22,36,5,50.0447,0.0,0.052,OPTIMAL
geant,seed_milpsnap_geant_k03.json,472,22,36,6,45.5028,0.0,0.095,OPTIMAL
geant,seed_milpsnap_geant_k03.json,473,22,36,7,45.5028,0.0,0.079,OPTIMAL
geant,seed_milpsnap_geant_k03.json,474,22,36,5,63.6704,0.0,0.046,OPTIMAL
geant,seed_milpsnap_geant_k03.json,475,22,36,5,59.1285,0.0,0.045,OPTIMAL
geant,seed_milpsnap_geant_k03.json,476,22,36,3,72.7542,0.0,0.022,OPTIMAL
geant,seed_milpsnap_geant_k03.json,477,22,36,4,63.676,0.0,0.036,OPTIMAL
geant,seed_milpsnap_geant_k03.json,478,22,36,3,72.7542,0.0,0.026,OPTIMAL
geant,seed_milpsnap_geant_k03.json,479,22,36,2,77.2961,8.211079483226373e-05,0.019,OPTIMAL
geant,seed_milpsnap_geant_k03.json,480,22,36,1,81.838,0.0,0.011,OPTIMAL
geant,seed_milpsnap_geant_k03.json,481,22,36,2,72.7598,0.0,0.017,OPTIMAL
geant,seed_milpsnap_geant_k03.json,482,22,36,1,90.9218,0.0,0.006,OPTIMAL
geant,seed_milpsnap_geant_k03.json,483,22,36,2,68.2179,0.0,0.019,OPTIMAL
geant,seed_milpsnap_geant_k03.json,484,22,36,3,63.676,0.0,0.029,OPTIMAL
geant,seed_milpsnap_geant_k03.json,485,22,36,2,72.7542,0.0,0.018,OPTIMAL
geant,seed_milpsnap_geant_k03.json,486,22,36,3,63.6704,0.0,0.028,OPTIMAL
geant,seed_milpsnap_geant_k03.json,487,22,36,4,59.1285,0.0,0.033,OPTIMAL
geant,seed_milpsnap_geant_k03.json,488,22,36,4,63.6704,0.0,0.036,OPTIMAL
geant,seed_milpsnap_geant_k03.json,489,22,36,5,54.5866,0.0,0.049,OPTIMAL
geant,seed_milpsnap_geant_k03.json,490,22,36,6,54.5866,5.4733788535958215e-05,0.046,OPTIMAL
geant,seed_milpsnap_geant_k03.json,491,22,36,5,54.5866,5.473378853595821e-05,0.07,OPTIMAL
geant,seed_milpsnap_geant_k03.json,492,22,36,6,50.0447,0.0,0.057,OPTIMAL
geant,seed_milpsnap_geant_k03.json,493,22,36,7,45.5028,0.0,0.064,OPTIMAL
